date,latitude,longitude,depth,mag
2019/09/16 20:03:22,27.5961,56.3791,10,4.3
2019/09/16 16:55:42,27.6148,56.3437,10,4.5
2019/09/08 19:13:49,26.9847,55.5638,34.36,4.4
2019/09/08 10:53:28,26.9094,55.608,10,4.6
2019/09/03 18:47:04,27.1568,59.6836,35.24,4.9
2019/08/27 20:05:30,27.946,56.6744,10,4.2
2019/07/26 11:45:12,31.9141,55.6066,10,4.3
2019/07/22 22:59:02,26.759,55.0084,10,5
2019/07/16 18:15:26,28.4389,56.8105,10,4.3
2019/07/16 16:21:05,28.4173,56.761,10,4.5
2019/06/20 10:20:30,33.5304,59.6126,10,4.5
2019/06/17 13:32:26,27.6334,55.8904,10,4.7
2019/06/15 7:08:28,31.0541,56.7123,10,4.3
2019/06/14 22:09:29,26.0485,59.832,16.03,4
2019/06/02 1:16:59,27.6941,59.2935,61.79,4.4
2019/05/30 23:09:12,29.1951,56.2983,10,4.1
2019/05/13 8:09:11,26.8401,55.2477,35,4.3
2019/05/10 2:41:57,27.495,56.0641,35,4.1
2019/04/25 15:03:16,30.6962,57.3128,10,4.4
2019/04/20 2:41:06,27.2213,55.8008,10,4.7
2019/04/16 22:43:50,30.8446,57.2132,10,4
2019/03/27 6:19:30,27.536,56.564,10,4.2
2019/03/27 4:52:11,28.2317,56.1775,10,4.3
2019/03/02 10:04:48,30.7342,57.3024,10,4.3
2019/02/14 8:00:46,28.123,55.7877,10,4.2
2019/02/11 4:12:31,27.0666,55.6283,10,4.5
2019/02/10 14:56:38,27.0121,55.5816,10,4.3
2019/02/10 10:54:48,27.0899,55.5458,10,5.4
2019/02/09 7:19:47,27.9816,56.6045,10,4.1
2019/01/14 1:27:15,29.1458,58.2239,10,4
2018/12/31 6:44:14,28.1897,56.5665,10,4.3
2018/12/29 23:16:40,28.1781,55.5133,10,4.2
2018/12/24 23:16:47,30.8021,57.1969,10,4.2
2018/12/05 20:12:38,27.4715,56.2079,10,4.3
2018/11/16 20:16:58,28.2663,58.2083,10,4.9
2018/11/06 4:14:43,28.1886,57.0433,10,4.4
2018/10/04 17:26:08,29.18,57.1159,10,4.1
2018/10/03 23:53:02,30.7004,57.2754,10,4.3
2018/09/30 13:23:28,28.9267,57.4876,10,4.7
2018/09/27 0:14:08,27.0518,57.4244,10,4.1
2018/09/13 23:49:04,30.818,57.2739,10,4.3
2018/09/07 6:38:42,28.1691,59.4499,10,4.3
2018/09/07 6:23:39,28.3261,59.3199,10,5.6
2018/08/23 5:19:03,29.3346,56.815,86.9,4.6
2018/08/04 9:35:58,29.1954,57.1893,10,4.4
2018/07/30 10:38:56,28.2298,56.9732,10,4.3
2018/07/22 20:39:17,30.4313,57.4531,10,5.6
2018/07/15 11:48:24,28.1362,57.6267,10,4.5
2018/07/15 1:51:59,26.6492,58.8271,10,4.6
2018/07/13 9:03:23,28.1088,57.2458,10,4.7
2018/07/04 0:57:42,27.9135,56.7946,10,4.3
2018/06/27 23:46:32,27.5926,57.2231,10,4.3
2018/06/24 13:24:33,30.5901,56.9416,10,4.4
2018/06/13 16:47:25,31.4953,57.6508,10,4.6
2018/06/02 2:40:53,27.6063,55.7726,10,3.9
2018/05/17 19:46:51,32.3614,58.9592,10,4.4
2018/05/08 18:27:32,27.8837,57.7004,10,4.5
2018/05/05 18:13:57,26.986,55.8186,10,4.3
2018/04/26 17:36:04,29.2152,55.7573,16.38,4.2
2018/04/24 14:59:17,28.0516,57.2679,10,4.2
2018/04/22 23:44:26,31.4267,56.3093,10,4.3
2018/04/22 12:35:46,31.3316,56.3354,10,4.4
2018/04/21 20:03:53,31.3369,56.269,10,4.5
2018/04/18 1:11:27,27.5734,56.6541,10,4.3
2018/04/11 17:04:07,30.7952,57.1329,10,4.1
2018/03/30 12:45:15,30.6379,57.2685,10,4.4
2018/03/21 22:26:02,27.6181,56.6133,10,4.1
2018/03/21 20:41:20,27.5785,56.6061,10,5
2018/03/21 12:33:10,27.6073,56.6414,10,4.7
2018/03/16 7:24:19,31.8677,56.7334,10,4.6
2018/03/12 7:35:32,28.1387,57.3942,10,4.9
2018/03/07 14:50:20,27.8892,57.5886,35,4.8
2018/03/07 14:46:13,28.0261,57.6064,35.46,5.2
2018/02/25 20:15:46,27.6649,56.5507,10,4.6
2018/02/19 13:56:46,30.7687,57.2832,10,4.4
2018/02/09 5:08:41,30.664,57.2224,10,4.1
2018/02/05 23:49:42,30.7167,57.2282,10,4.4
2018/02/05 14:16:39,30.7545,57.1558,10,4.1
2018/01/25 17:17:36,27.3526,57.3794,10,4.2
2018/01/12 3:03:35,30.6837,57.2632,10,4.2
2018/01/11 13:35:34,30.7018,57.2571,10,4.9
2018/01/11 3:18:30,30.7268,57.3359,10,5
2018/01/03 20:42:32,31.6357,56.157,10,4
2018/01/03 4:13:13,30.7725,57.3872,10,4.6
2017/12/27 18:01:15,30.8057,57.2499,10,5
2017/12/25 5:25:38,31.2826,56.2676,10,4.6
2017/12/25 5:15:10,31.3402,56.1979,10,4.3
2017/12/25 3:34:16,30.8107,57.32,10,4.4
2017/12/23 22:58:14,28.1534,57.1581,10,4.5
2017/12/21 18:33:43,31.3653,56.1798,10,4.3
2017/12/21 17:04:47,31.3839,56.2594,10,5.2
2017/12/19 13:02:33,30.8083,57.254,10,4.5
2017/12/16 10:26:56,30.7189,57.1682,10,4.1
2017/12/16 2:20:31,30.7735,57.2763,10,4.4
2017/12/13 9:51:57,30.7842,57.2052,10,4.3
2017/12/13 4:03:16,30.774,57.2233,10,4.3
2017/12/13 0:08:01,30.775,57.231,10,4.3
2017/12/12 23:27:37,30.7658,57.2802,10,4.5
2017/12/12 22:36:05,30.7772,57.2138,10,4.1
2017/12/12 21:55:47,30.7875,57.2996,10,4.1
2017/12/12 21:49:42,30.8681,57.2454,10,5
2017/12/12 21:46:41,30.796,57.2894,10,4.8
2017/12/12 21:41:31,30.8275,57.2982,8,6
2017/12/12 16:50:22,30.8132,57.3725,10,4.5
2017/12/12 13:22:39,30.6696,57.2864,10,4.4
2017/12/12 9:50:30,30.6551,57.4472,10,4.4
2017/12/12 9:42:20,31.0501,57.2259,10,4.4
2017/12/12 8:43:18,30.7372,57.2795,12,6
2017/12/08 12:38:30,30.7512,57.2633,10,4.2
2017/12/06 1:29:52,30.7074,57.2415,10,4.1
2017/12/05 9:23:43,30.7157,57.279,8.44,4.3
2017/12/03 2:47:27,30.7947,57.2935,10,4.3
2017/12/02 10:47:04,30.7254,57.3614,10,5.2
2017/12/01 23:23:16,30.6818,57.4003,10,4.4
2017/12/01 7:29:35,30.7025,57.3126,10,4.2
2017/12/01 3:35:02,30.7151,57.385,10,5.4
2017/12/01 2:43:27,30.6973,57.4397,10,5.1
2017/12/01 2:32:46,30.7464,57.307,9,6.1
2017/11/23 2:47:22,28.0121,55.4169,10,4
2017/11/14 19:48:11,32.9038,59.4679,10,4.4
2017/11/11 2:06:20,27.4673,56.5657,10,4.3
2017/11/11 0:37:02,27.5505,56.6715,10,4
2017/10/23 0:24:14,27.9254,57.0544,10,5.3
2017/09/30 4:12:51,27.8864,56.8156,10,4.2
2017/09/29 6:58:15,28.2394,55.3052,10,4.2
2017/09/21 19:28:40,30.7124,57.4099,10,4.5
2017/09/20 6:30:56,27.9241,56.8128,24.32,4.4
2017/09/20 0:08:16,30.7208,57.4066,10,5
2017/09/05 22:20:35,32.6746,59.1001,10,4.7
2017/09/01 6:10:43,27.8651,57.1309,10,4
2017/08/31 3:08:41,27.847,57.0542,10,4.4
2017/08/31 1:30:28,27.902,56.9464,10,5.2
2017/08/26 17:11:17,31.5362,56.1725,10,4
2017/08/14 11:14:10,27.4725,56.9824,10,4.5
2017/08/13 9:34:45,27.4086,56.2313,10,4.5
2017/08/06 9:24:39,26.6317,55.428,10,3.9
2017/07/23 17:32:14,30.1823,57.6157,10,5.2
2017/07/15 18:18:16,28.8924,57.7056,10,4
2017/07/13 1:04:20,26.6418,57.946,10,4.1
2017/06/14 10:14:46,26.8932,55.8048,10,4
2017/06/09 10:22:36,27.6107,55.2718,10,4.4
2017/05/23 1:31:33,27.5651,55.8112,10,4.2
2017/04/11 5:16:25,30.806,56.6074,10,4.1
2017/04/01 19:59:49,29.4447,56.775,99.29,4.2
2017/03/25 7:38:37,28.2712,57.0927,10,4.5
2017/01/28 0:18:26,29.2466,56.2697,10,4.1
2017/01/25 5:41:42,28.5733,56.8983,10,4.9
2017/01/21 8:23:17,29.2091,56.5135,54.21,4.5
2016/12/27 12:42:59,28.1988,57.3713,10,4.4
2016/12/27 12:41:26,28.0815,57.2281,10,4.6
2016/12/27 12:26:36,28.1225,57.2505,10,4.4
2016/12/10 17:07:53,28.313,57.0158,2.04,4.2
2016/12/05 14:24:53,27.7028,59.1943,62.42,5.1
2016/12/01 9:21:44,30.3313,57.6002,10,4.7
2016/11/09 1:15:22,28.2167,57.3619,10,4.5
2016/11/09 1:05:31,28.1942,57.3139,10,4
2016/10/31 13:44:02,30.7332,56.5087,10,4.3
2016/10/28 14:02:28,30.6891,56.3947,17.67,4.8
2016/10/20 15:10:31,30.7819,56.519,10,4.8
2016/09/21 7:41:13,27.0043,59.7705,10,4.5
2016/07/24 13:26:33,28.155,57.429,10,4.5
2016/07/14 16:18:00,27.6492,56.462,26.64,4.4
2016/07/06 23:58:27,27.657,56.429,16.4,5.1
2016/06/26 5:38:55,28.54,57.16,14,4.3
2016/06/17 10:03:47,30.1856,57.5551,10,4.4
2016/06/04 9:54:13,30.06,57.61,8,4.3
2016/05/29 17:18:33,27.9025,55.1466,37.82,4.5
2016/05/20 11:59:15,28.291,58.563,98.9,4.4
2016/05/03 10:41:00,28.021,56.345,10,4.3
2016/04/24 15:18:14,27.8307,55.1131,10,4.6
2016/02/01 13:46:34,32.4299,55.533,10,4.3
2016/01/22 20:51:47,28.3453,55.2943,19.54,5.1
2016/01/11 15:53:36,27.7612,57.3575,10,4.4
2016/01/04 3:05:48,26.6051,55.4464,10,4.4
2016/01/01 23:17:29,26.5711,55.1188,10,4.3
2015/12/31 3:50:30,31.09,57.08,8,3.9
2015/12/27 1:52:01,27.8162,57.9299,10,4.1
2015/10/29 15:48:21,32.0055,56.1417,15.24,4.4
2015/10/22 5:14:57,32.01,56.11,9,4.2
2015/09/11 2:41:36,27.4713,56.5586,10,4.1
2015/09/11 2:38:18,27.4589,56.6124,10.51,4.2
2015/09/08 1:18:28,28.584,57.237,10,4
2015/08/27 0:24:22,26.541,55.877,11,4.2
2015/08/21 1:21:16,30.042,57.643,8,3.9
2015/07/31 10:06:31,30.0391,57.5809,11,5.2
2015/07/25 16:10:41,30.0856,57.6938,4.08,4.8
2015/07/01 6:43:29,28.1277,57.4498,50.38,4.4
2015/06/12 6:57:52,28.253,57.211,8,4.5
2015/06/07 23:56:04,27.7988,55.1304,10,4
2015/05/13 20:27:17,27.8642,57.5417,10,4.3
2015/05/08 3:27:01,32.145,55.827,5.9,4.1
2015/04/20 20:37:33,28.509,57.185,10,4.2
2015/04/01 16:59:03,29.2003,59.6857,10,4.7
2015/03/30 7:04:04,32.138,55.807,8,4.3
2015/03/29 4:16:18,27.024,57.638,14.2,4.9
2015/03/10 21:32:29,26.475,58.108,20.5,4.1
2015/03/08 18:43:32,30.03,56.53,12,3.9
2015/03/05 22:54:49,28.0428,56.8139,10,5.2
2015/03/05 19:31:12,27.5409,56.1407,10,4
2015/02/18 17:28:53,27.417,56.253,10,4.1
2015/02/17 13:41:38,30.0389,57.6596,10,4.5
2015/02/13 1:00:44,30.178,57.584,10,3.9
2015/02/02 14:07:40,27.4635,56.1742,10,4.3
2015/01/27 21:07:24,27.464,56.19,10,4.3
2015/01/25 20:11:19,27.46,56.19,9,5
2014/12/08 22:34:05,28.145,56.955,12,4
2014/12/08 6:38:18,27.506,56.209,14.2,4.3
2014/12/05 0:20:27,28.409,57.0677,10,4.2
2014/12/03 21:22:04,28.337,55.553,14.3,4.1
2014/11/23 13:18:00,26.47,56.59,16,4.9
2014/11/16 5:13:04,28.339,56.518,10,4.7
2014/11/15 19:56:21,28.239,55.381,15,4.7
2014/11/11 10:05:42,27.897,55.937,8,5
2014/11/10 13:52:37,27.9023,55.857,10,5.4
2014/11/06 18:43:30,27.064,55.123,1.5,4.8
2014/10/24 12:38:56,27.772,57.4,23.8,5.3
2014/10/21 22:47:03,27.543,57.465,24.6,4.3
2014/10/15 21:31:44,28.262,55.408,8.3,4.4
2014/09/24 18:44:11,27.729,57.649,9.6,4.3
2014/09/24 14:25:45,26.867,55.7885,10,4.6
2014/09/24 14:22:22,26.8919,55.7594,10,4.1
2014/09/22 6:26:07,30.6864,57.0986,20.12,3.8
2014/09/13 19:42:44,32.305,55.825,5,4.2
2014/09/05 1:13:59,27.672,56.768,13.3,4
2014/08/31 12:14:42,27.704,57.6986,10,4.4
2014/07/26 10:48:40,26.724,57.192,9,3.8
2014/07/22 15:22:39,27.6039,57.3339,10,5.1
2014/07/05 3:11:48,28.35,55.06,14,4.7
2014/07/03 4:20:01,26.857,55.338,9,4.1
2014/06/30 3:48:46,32.183,58.978,9.5,4.2
2014/06/28 18:45:40,32.0932,58.9991,10.27,4.4
2014/06/18 0:29:42,29.038,58.332,19.1,3.7
2014/06/11 6:06:34,28.427,57.044,8,3.9
2014/06/02 22:51:16,27.76,57.22,14,4.9
2014/05/27 5:44:30,26.543,55.905,14.3,5.1
2014/05/12 16:42:24,28.2929,58.183,10,4.1
2014/05/09 6:17:25,27.92,57.47,14.1,4.2
2014/05/09 0:08:45,27.903,57.52,20,4.6
2014/04/05 12:16:31,30.921,56.597,14,4.1
2014/04/01 6:40:19,28.295,57.82,10,4.2
2014/04/01 6:37:20,28.1307,57.7307,10,4.4
2014/03/16 14:34:40,28.1882,57.6362,10,4.5
2014/03/12 20:21:59,28.336,57.069,10,4.3
2014/02/26 8:08:05,27.645,58.147,36,3.9
2014/02/22 17:29:10,28.176,56.898,15,4.3
2014/02/07 19:43:31,26.5274,57.6187,10.02,4.2
2014/02/03 19:00:29,26.722,57.78,12.2,4.3
2014/02/02 18:15:45,28.28,57.09,16,4.3
2014/02/02 14:46:42,26.4447,57.3909,10,4
2014/02/02 14:46:11,26.5921,57.5129,10,4
2014/02/02 14:26:46,26.5886,57.7412,10,5.3
2013/12/26 0:44:27,30.3,57.47,18,3.8
2013/11/27 7:25:43,26.8555,56.936,10.72,4.5
2013/11/20 8:20:21,27.406,56.167,17.3,4.3
2013/11/07 23:38:52,26.55,57.5,12,4.1
2013/10/08 2:52:08,27.195,55.92,10,4.8
2013/10/04 18:17:29,32.9945,58.9102,19.33,4.8
2013/09/26 1:16:23,31.111,59.6699,10.29,4.3
2013/09/25 16:18:37,27.74,57.57,21,4.5
2013/09/21 6:27:46,28.47,57.15,12,4.1
2013/09/17 16:19:41,26.5581,55.7239,10,4.2
2013/08/27 22:00:42,32.758,56.499,8,4.7
2013/08/25 13:56:33,30.5909,57.0748,10,4.3
2013/08/15 20:08:41,32.904,56.241,7.7,4.1
2013/08/10 12:08:00,33.8,56.67,11,4.4
2013/07/31 22:09:05,26.76,57.72,14.1,4
2013/07/18 4:55:27,26.792,57.884,14.9,4
2013/07/17 11:55:29,26.741,57.939,17.3,4.2
2013/07/13 0:52:59,27.368,55.172,14.1,4.3
2013/07/09 17:05:12,28.168,55.993,10,4
2013/07/03 12:05:48,27.247,55.003,14.9,4.4
2013/07/02 11:18:33,27.28,55.02,12,5
2013/07/02 1:33:43,28.289,57.608,30.8,4.3
2013/07/01 19:03:55,28.208,57.429,10,4.2
2013/06/30 16:25:32,26.609,57.924,10,4.3
2013/06/19 20:05:24,26.522,57.487,25.6,4
2013/06/19 16:26:58,27.012,59.991,10.5,4.2
2013/06/05 5:34:39,26.702,57.955,7,4.2
2013/05/31 5:20:02,26.62,57.66,14.1,4.6
2013/05/30 19:15:29,26.725,57.882,6.2,4.2
2013/05/30 17:18:27,26.69,57.775,15.9,4
2013/05/21 23:38:46,26.737,57.884,6.2,4.6
2013/05/20 20:33:45,26.714,57.74,11.9,4.1
2013/05/20 9:16:30,26.539,57.706,24.2,4.6
2013/05/20 7:02:27,26.7,57.46,15,4.6
2013/05/18 15:10:40,26.77,57.87,6,4.2
2013/05/18 12:09:44,26.73,57.87,15,4.5
2013/05/18 10:57:47,26.502,57.712,15,5.4
2013/05/18 10:03:16,26.606,57.785,15,5.5
2013/05/17 14:45:20,26.52,57.48,22,4.4
2013/05/15 18:51:17,26.591,58.076,10,4
2013/05/15 16:09:03,26.72,57.78,15,4.5
2013/05/14 13:43:01,26.529,57.431,10,4
2013/05/14 10:02:38,26.56,57.817,15,4.2
2013/05/13 5:44:25,26.5,57.75,11,4
2013/05/13 1:43:00,26.487,57.857,10,4.2
2013/05/12 22:15:34,26.482,57.614,14.1,4.1
2013/05/12 20:18:32,26.48,57.7,13,4.4
2013/05/12 18:12:01,26.29,57.68,20,4.1
2013/05/12 17:50:36,26.49,57.61,25,4.4
2013/05/12 12:48:07,26.619,57.551,25.8,4.4
2013/05/12 11:56:31,26.529,57.71,9.9,4.1
2013/05/12 11:00:14,26.604,57.613,19.3,4.7
2013/05/12 10:54:49,26.716,57.765,14,5.5
2013/05/12 9:02:20,26.47,57.67,15,4.5
2013/05/12 6:13:14,26.6,57.92,8,4.1
2013/05/12 4:23:03,26.573,57.695,20.4,4.4
2013/05/12 2:50:05,26.835,57.649,28,4.4
2013/05/12 1:57:22,26.55,57.779,17.7,4.1
2013/05/12 1:08:21,26.563,57.781,10,4.5
2013/05/12 1:06:23,26.6,57.724,15.4,4.4
2013/05/12 0:24:56,26.581,57.483,14.6,4.2
2013/05/12 0:07:00,26.404,57.522,17.6,5.5
2013/05/11 22:28:08,26.691,57.465,14.3,4.5
2013/05/11 22:25:21,26.47,57.68,12,4.4
2013/05/11 22:23:06,26.749,57.581,14.2,4.9
2013/05/11 21:51:31,26.72,57.619,14.1,4.9
2013/05/11 18:06:14,26.599,57.932,25,4.7
2013/05/11 14:23:17,26.56,57.72,25,4.3
2013/05/11 10:25:34,26.789,57.57,14.2,4.3
2013/05/11 10:03:05,26.788,57.641,14.1,4.6
2013/05/11 8:42:34,26.52,57.67,15,5
2013/05/11 8:38:27,26.57,57.7,15,4.1
2013/05/11 7:58:38,26.442,57.785,15.2,4.2
2013/05/11 5:59:35,26.606,57.914,15.5,4.3
2013/05/11 5:45:29,26.52,57.57,14.1,4.2
2013/05/11 5:34:14,26.649,57.755,11.3,4.4
2013/05/11 5:21:29,26.683,57.666,20.7,4
2013/05/11 4:53:35,26.607,57.794,17.4,4.2
2013/05/11 4:11:36,26.57,57.501,10,4.2
2013/05/11 4:09:27,26.531,57.89,10,4.7
2013/05/11 3:58:15,26.691,57.683,19.6,4.3
2013/05/11 3:41:27,26.53,57.94,10,5.1
2013/05/11 3:17:21,26.656,57.723,8.3,4.7
2013/05/11 3:09:47,26.548,57.926,8.9,5.5
2013/05/11 3:03:27,26.682,57.897,16.1,4.8
2013/05/11 2:50:00,26.59,57.925,12.9,4.6
2013/05/11 2:49:34,26.616,57.566,27.2,4
2013/05/11 2:45:48,26.673,57.66,22.6,4.1
2013/05/11 2:32:45,26.672,57.691,23.4,4.5
2013/05/11 2:29:37,26.663,57.889,10.7,4.6
2013/05/11 2:08:09,26.56,57.77,15,6.1
2013/05/09 8:50:34,26.651,57.607,24.1,4.1
2013/05/09 8:01:33,26.727,57.685,22.5,4.9
2013/04/25 7:48:57,28.002,56.993,6.6,4.1
2013/04/24 3:51:14,27.902,55,36,4
2013/03/08 21:38:50,28.402,57.966,105,4.4
2013/03/04 14:29:53,27.42,56.61,15,4.1
2013/02/22 1:39:24,29.66,57.06,16,4.1
2013/02/07 13:42:09,27.515,56.309,7.1,4.3
2013/02/03 17:46:58,27.68,56.5,20,4.6
2013/01/24 9:28:30,27.794,56.4,10,4.2
2013/01/24 4:51:07,27.86,56.557,17.6,4.6
2013/01/21 19:48:59,30.33,57.467,10,5.5
2013/01/07 0:41:57,26.841,56.16,10,4.3
2013/01/06 15:24:14,29.965,57.617,10,4.1
2012/12/18 2:53:50,28.39,56.96,5,4.5
2012/12/14 10:10:27,28.387,57.53,14.2,4.1
2012/12/09 0:14:06,27.91,56.9,14,4.3
2012/12/05 17:08:14,33.506,59.571,14.4,5.8
2012/12/03 12:53:23,30.523,57.227,5,4.6
2012/10/27 20:54:59,29.371,56.874,98,4.5
2012/10/21 16:38:19,27.538,59.431,10,4.8
2012/09/21 3:28:30,32.14,58.48,6,4.6
2012/09/03 3:03:42,28.01,57.76,14.1,4.4
2012/09/02 0:50:00,33.474,59.897,12,5.1
2012/08/09 23:45:00,33.492,59.423,10,4.1
2012/07/12 23:49:28,27.016,59.33,10,4.1
2012/07/12 23:33:58,26.951,59.426,10,4.5
2012/07/12 21:18:27,27.02,55.02,10,4.5
2012/06/04 3:58:09,28.24,57.03,29,4
2012/05/14 10:12:32,27.955,57.722,2,5.1
2012/05/07 0:29:14,27.565,58.672,10,4.1
2012/04/29 11:58:42,28.811,57.421,90,4.4
2012/04/18 17:40:40,27.941,58.063,72.3,5.1
2012/03/26 0:06:19,27.721,58.834,74.6,4.9
2012/03/15 6:17:07,32.09,55,8,4.5
2012/03/11 5:00:06,28.26,59.08,10,4.5
2012/03/08 2:01:43,28.21,55.38,14,4.5
2012/03/07 6:57:44,31.532,56.78,16.4,4.4
2012/03/05 19:30:15,27.88,56.89,14.1,4
2012/02/28 18:51:09,27.441,57.646,35,4.3
2012/02/27 18:48:55,31.428,56.778,10,5.2
2012/02/15 18:57:36,32.075,58.559,5,4.6
2012/01/09 19:53:35,27.034,55.726,14.2,5.2
2011/12/20 4:46:33,27.65,57.22,14,4.7
2011/12/19 1:52:56,30.04,59.47,14.1,4.6
2011/12/16 21:10:44,30.816,56.779,6,4.4
2011/12/10 16:13:51,32.204,58.502,10,4.7
2011/11/21 1:56:42,32.2,59.92,14.2,5
2011/11/20 7:20:17,26.727,55.35,38.5,4.3
2011/11/20 0:40:59,27.59,57.29,41,4.3
2011/11/13 14:11:06,28.166,57.163,28.7,4.8
2011/11/13 8:00:15,28.15,59.299,20,4.6
2011/10/20 6:57:26,27.481,56.224,10,4.4
2011/10/04 9:44:23,31.471,56.74,15,4.2
2011/09/23 22:12:41,26.742,55.844,21.8,4
2011/09/19 22:30:53,29.46,56.83,3,4.6
2011/09/05 18:45:02,31.187,56.925,14.1,4
2011/09/04 16:41:45,28.071,59.891,10,4.4
2011/08/21 1:54:45,27.773,57.586,17,4
2011/08/15 10:44:34,28.103,55.881,9.1,4.9
2011/08/09 19:25:09,28.089,57.653,9.2,3.8
2011/08/02 18:08:32,32.296,59.957,12.6,4.4
2011/07/29 13:42:28,28.288,57.707,3.2,4
2011/07/28 22:27:23,28.134,57.535,10,4.6
2011/07/28 22:27:14,28.198,57.452,20,4.1
2011/07/26 4:58:48,27.43,56.58,8.3,4
2011/07/21 3:09:26,26.52,59.55,11,4.6
2011/07/01 5:22:37,32.69,59.85,15,4.2
2011/06/26 20:17:56,28.214,59.88,14.6,4.5
2011/06/26 19:47:00,30.21,57.63,13,5.1
2011/06/26 10:45:24,31.99,55.73,5,4
2011/06/15 2:46:03,27.816,57.728,27.3,4.3
2011/06/15 2:35:53,27.862,57.585,30.7,4
2011/06/15 2:00:57,27.899,57.565,29.6,4.3
2011/06/15 1:15:17,27.933,57.527,32,4.1
2011/06/15 1:12:50,27.848,57.618,29.6,4
2011/06/15 1:10:55,27.786,57.878,31,4.2
2011/06/15 1:05:31,27.784,57.766,34,5.5
2011/06/15 1:03:22,27.906,57.618,31.3,4.3
2011/04/30 8:55:13,30.73,57.35,6,4.1
2011/04/13 3:37:09,27.99,58.98,18,4.3
2011/04/11 12:02:20,28.288,58.867,29.8,4.2
2011/03/22 2:32:11,28.27,59.15,14.1,4.1
2011/03/21 6:02:25,28.216,59.392,6.2,4.3
2011/03/18 21:49:56,28.153,56.375,16.5,4.7
2011/03/18 2:26:09,28.2,56.42,40,4
2011/03/14 7:55:09,27.843,56.712,14.2,4.8
2011/03/05 20:42:54,28.298,57.14,19.3,5.2
2011/02/23 3:26:00,26.73,57.52,25.7,4.4
2011/02/06 8:13:12,28.227,56.339,10,4.6
2011/01/30 17:56:10,28.21,59.11,16,4.1
2011/01/29 14:56:19,28.23,59.07,14.1,4
2011/01/29 4:43:19,28.33,59.02,16,4.6
2011/01/29 0:50:18,28.15,59.08,15,4.4
2011/01/28 12:41:24,28.279,59.137,14.1,4.1
2011/01/28 6:34:04,28.44,58.96,14,4
2011/01/28 5:06:49,28.42,58.93,21,4.5
2011/01/28 4:20:36,28.15,59.07,15,5.2
2011/01/27 21:49:46,28.406,58.958,7,4
2011/01/27 15:01:43,28.116,59.001,10,4.3
2011/01/27 9:07:55,28.23,58.96,22,4.8
2011/01/27 8:43:27,28.128,59.057,10,5
2011/01/27 8:38:28,28.195,59.015,10,6.2
2011/01/27 7:18:16,28.247,59.026,5,4
2011/01/27 7:02:03,28.167,58.907,10,4.9
2011/01/18 11:34:09,28.21,56.38,22,4.5
2011/01/18 11:26:00,28.204,56.281,10,4.7
2011/01/02 15:23:46,28.262,59.308,10,4.1
2010/12/28 19:01:43,28.399,59.282,12.8,4.1
2010/12/25 22:24:17,28.435,59.058,43.6,4.2
2010/12/22 19:04:51,26.142,57.887,46.1,4.6
2010/12/21 12:14:18,28.161,59.058,10,4.3
2010/12/21 1:01:39,28.27,59.21,12,4.1
2010/12/20 23:49:11,28.433,59.045,34.3,4
2010/12/20 22:12:59,28.282,59.224,15,4.9
2010/12/20 18:56:54,28.402,58.942,10,4.2
2010/12/20 18:50:23,28.302,59.195,14.1,4.2
2010/12/20 18:41:59,28.412,59.18,12,6.7
2010/12/17 7:39:20,27.418,57.777,15,4.2
2010/11/24 0:38:36,30.825,56.764,1,4
2010/11/16 13:19:20,27.849,56.946,25.5,4.3
2010/11/14 14:49:27,26.398,57.223,10,4.5
2010/11/11 22:20:00,27.3,55.24,6,4.7
2010/11/11 13:37:34,27.892,56.995,26.9,4.9
2010/11/10 13:49:10,27.954,56.939,17,4.9
2010/10/06 23:47:59,33.391,57.208,2,4.2
2010/09/15 19:57:58,30.812,56.838,14.1,4.2
2010/08/11 9:06:45,26.928,55.724,10,4.4
2010/07/31 6:52:58,29.703,56.812,4,5.4
2010/06/23 15:20:24,28.046,59.12,10,4
2010/06/14 4:14:54,28.32,57.21,14.1,4.2
2010/06/14 4:13:46,28.33,57.12,15,4
2010/06/06 17:48:57,28.277,56.978,35,4.3
2010/05/30 11:12:48,32.66,55.34,4,4.2
2010/05/28 11:16:56,26.959,55.575,10,4.2
2010/05/28 1:50:56,28.48,56.83,6,4.8
2010/05/20 12:33:54,28.284,57.245,16,4
2010/02/03 22:39:45,28.588,57.012,14.1,4.9
2010/01/26 3:17:00,30.82,57.1,14.1,4.3
2010/01/10 17:17:49,27.062,55.614,10,4.7
2010/01/10 15:20:33,26.985,55.57,10,4.7
2010/01/06 14:17:48,27.477,55.121,13.4,4.9
2009/12/23 16:51:54,26.88,56.08,6.3,4.6
2009/11/29 3:25:31,26.7,59.92,10,4.4
2009/11/13 3:08:12,29.01,58.71,14.1,4.2
2009/11/13 3:06:02,28.98,58.68,15,4.4
2009/11/03 23:26:52,27.334,56.202,14.1,5
2009/11/03 7:48:20,29.093,58.316,10,4
2009/08/07 18:59:31,26.741,57.601,46.6,4.5
2009/07/22 6:49:57,26.739,55.809,13.2,4.1
2009/07/22 3:53:03,26.77,55.79,9.6,5.3
2009/07/05 14:09:50,27.439,55.57,35,4.4
2009/06/23 5:02:41,28.264,56.057,10,4.9
2009/05/13 23:39:51,28.259,55.33,20,4.5
2009/05/12 6:30:51,30.19,57.45,6.9,4
2009/05/12 1:37:06,32.38,59,14.5,4.5
2009/05/11 2:14:05,30.29,57.51,16.9,4.1
2009/04/14 5:10:26,26.86,55.91,6.6,4.1
2009/04/09 11:32:39,27.814,57.535,18,4.3
2009/03/07 6:47:07,30.79,56.77,6.1,4.1
2009/03/03 3:59:48,28.111,57.496,17,4.6
2009/02/23 11:10:57,27.582,55.372,10,5.1
2009/02/22 20:54:02,28.086,55.474,22.1,4.5
2009/02/15 21:22:22,31.065,57.073,17.5,4.9
2009/01/25 11:22:04,26.858,56.151,6.7,4.1
2009/01/08 8:57:31,31.93,56.14,14.2,4.3
2008/12/27 20:28:55,26.855,55.894,21.5,3.6
2008/12/22 15:08:13,28.21,57.14,40.4,4.8
2008/12/14 7:29:48,29.19,56.69,14.1,4.4
2008/12/11 5:42:08,26.85,55.82,6.8,3.9
2008/12/09 15:09:24,26.8,55.68,14.1,5
2008/12/08 14:41:43,26.92,55.85,6.1,5.1
2008/12/07 14:31:25,26.88,55.9,1.2,3.3
2008/12/07 14:11:22,26.836,55.955,10,4
2008/12/07 13:41:50,27.37,55.99,14.1,3.7
2008/12/07 13:36:21,26.99,55.8,15,5.4
2008/12/05 22:44:12,26.93,56.03,7,3.1
2008/12/02 13:00:47,31.047,56.785,15.2,4.4
2008/11/30 13:46:16,27,55.57,17.3,4.6
2008/11/18 11:20:39,33.34,59.13,14.1,4.2
2008/11/11 22:45:36,28.4,56.25,15,3.6
2008/11/11 15:47:52,26.764,55.016,35,3.4
2008/11/02 1:21:00,26.47,55.05,32,3.5
2008/10/27 11:25:43,27.929,55.032,35.2,3.8
2008/10/27 2:47:00,26.77,55.82,4,4.1
2008/10/26 2:03:59,26.93,55.09,24,3.4
2008/10/26 0:37:39,27.87,56.3,14.1,4.5
2008/10/25 20:25:19,26.58,55.09,35,4.2
2008/10/24 15:51:36,28.487,56.932,4.6,4
2008/10/22 9:12:13,26.96,55.81,6.7,3.9
2008/10/22 7:00:18,26.494,55.169,32.2,3.6
2008/10/21 7:24:39,26.72,55.94,8.7,3.4
2008/10/20 21:45:10,26.819,55.328,18,3.3
2008/10/10 8:47:08,27.39,56.06,12.6,4
2008/10/09 21:49:14,26.938,56.017,18,3.6
2008/10/06 0:47:39,26.569,55.159,18,3.7
2008/10/05 9:45:41,26.96,55.63,32,3.4
2008/10/05 8:17:55,26.83,55.6,37.4,3.4
2008/10/05 1:22:44,27.08,55.97,5.5,3.3
2008/10/04 17:35:52,26.829,56.191,7.8,3.6
2008/10/04 17:29:33,26.94,56.09,10.6,3.4
2008/10/04 17:12:57,26.9,56.147,11,4.3
2008/10/03 21:21:32,27.11,56.05,9.3,3.6
2008/10/03 18:05:36,27.132,55.962,3.2,3.4
2008/10/03 16:28:04,26.76,55.996,10,3.4
2008/10/02 0:06:19,26.807,55.83,20.2,3.8
2008/09/29 3:57:48,26.731,56.115,6.5,3.7
2008/09/26 15:52:21,27.33,56.79,20,5.1
2008/09/26 3:36:32,27.01,55.8,2.2,4.2
2008/09/18 2:10:21,27.105,55.909,1.3,4.6
2008/09/17 20:15:20,27.25,55.96,4.9,3.2
2008/09/17 19:17:49,27.17,55.98,6.3,3.2
2008/09/17 19:01:53,27.23,55.97,10.6,4.2
2008/09/17 18:59:05,27.22,55.92,2.3,4.1
2008/09/17 18:44:52,27.18,56.03,4.8,4.4
2008/09/17 18:41:50,26.9,56.2,7,4.6
2008/09/17 17:49:45,27.16,55.9,7,4.1
2008/09/17 17:43:49,27,56.2,4,5.2
2008/09/14 5:21:50,27.08,55.77,6.9,4.4
2008/09/13 21:40:44,26.94,55.67,6,3.3
2008/09/11 2:16:10,26.929,55.635,7.9,5.2
2008/09/11 1:11:43,27.01,55.763,14.2,4.9
2008/09/10 22:46:58,26.874,55.973,21.6,4
2008/09/10 19:03:15,27.04,55.91,3,3.4
2008/09/10 18:26:39,27.28,55.85,2.3,3.6
2008/09/10 18:20:34,27.11,55.77,8,4
2008/09/10 17:07:02,27.07,55.87,12.7,3.4
2008/09/10 14:32:48,27.14,55.72,4.2,3.4
2008/09/10 13:29:21,27.32,55.94,18,3
2008/09/10 11:33:12,26.92,55.71,9.6,4.8
2008/09/10 11:26:44,27.24,55.83,1.4,3.4
2008/09/10 11:13:26,27.03,55.77,11.3,3.7
2008/09/10 11:08:44,26.93,55.73,10.9,5
2008/09/10 11:00:34,26.743,55.828,12,6.1
2008/08/31 11:37:57,27.91,55.24,14.1,3.8
2008/08/27 20:20:19,27.23,55.93,7.8,3.5
2008/08/25 12:16:45,27.608,55.005,31.6,3.8
2008/08/24 1:46:25,27.16,55.96,8,3.9
2008/08/24 0:37:21,27.139,55.998,13,4.2
2008/08/20 15:20:34,28.083,57.653,10,3.6
2008/08/15 7:37:03,27.91,55.81,15,4.2
2008/08/11 20:09:01,27.84,56.63,17,4
2008/08/09 23:22:04,26.08,59.51,17.1,4.6
2008/07/01 6:43:06,28.13,57.01,27.8,3.4
2008/06/29 18:00:45,27.8,56.5,34,4.2
2008/06/27 16:51:34,28.1,57.5,18,4.4
2008/06/27 14:58:17,33.345,59.235,10,4
2008/06/23 7:14:54,29.27,58.35,10,4.4
2008/06/21 16:21:17,30.8,57.6,6,4.6
2008/06/20 12:55:01,26.718,56.281,10,3.6
2008/06/17 16:53:38,27.431,56.64,25.6,3.7
2008/06/16 15:53:23,28.23,55.77,14.1,3.5
2008/06/05 8:39:56,30.58,57.05,14.2,3.6
2008/06/04 0:38:45,30.3,57.6,13,4.5
2008/05/31 1:24:06,26.76,55.29,14.1,4.5
2008/05/27 17:07:21,30.618,57.155,16.9,4.3
2008/05/23 21:09:47,28.23,56.66,14.1,4.2
2008/05/07 19:50:50,27.95,57.82,33,4.8
2008/05/01 20:42:09,28.19,56.56,27.3,3.4
2008/04/23 21:28:12,28.3,57.13,26,4.1
2008/04/16 15:53:52,27.98,56.78,31.8,3.8
2008/04/16 11:46:25,28.45,56.69,14.2,3.7
2008/04/04 0:13:16,30.6,57.5,3,4
2008/03/31 12:35:10,27.738,57.392,61.8,4.8
2008/03/28 18:05:01,28.76,56.91,27,4.4
2008/03/23 6:51:53,28.12,56.46,15,3.5
2008/03/22 0:01:03,28.27,57.18,28,4.6
2008/03/09 3:51:07,33.3,59.2,4,5
2008/03/09 2:25:26,32.03,55.85,5,3.8
2008/03/03 21:46:04,27.36,56.67,15,3.3
2008/03/01 16:38:58,26.88,56.19,5,4.6
2008/02/28 10:42:10,28.28,55.25,18,3.8
2008/02/27 11:10:14,33,59.34,5,4.9
2008/02/27 1:58:25,30.77,56.92,14.1,4.2
2008/02/11 14:03:47,27.509,55.375,35,4.3
2008/02/11 6:27:05,27.266,55.478,35,4.3
2008/01/31 14:11:35,28.42,56.769,8.6,3.5
2008/01/29 4:33:39,30.688,57.697,35,4.1
2008/01/25 12:21:21,26.479,56.591,10,3.5
2008/01/20 6:21:11,28.41,56.89,17.7,4.1
2008/01/19 21:41:29,33.319,57.307,27.9,4.4
2008/01/07 0:23:22,27.139,57.79,35,3.5
2008/01/03 6:48:06,27.94,55.51,31.1,3.6
2007/12/28 17:11:42,27.47,56.6,14.1,3.7
2007/12/27 0:05:24,28.365,56.853,13.8,3.8
2007/12/25 15:34:53,29.21,58.48,12,4.2
2007/12/20 18:16:26,27.61,55.54,14.1,3.3
2007/11/18 14:35:07,27.815,57.293,40.5,4.7
2007/11/17 15:26:46,27.82,57.49,8,4
2007/11/17 2:59:14,27.494,55.263,25.8,3.7
2007/10/18 20:44:22,28.33,56.53,14.1,3.7
2007/10/17 10:45:03,32.02,55.82,15.1,4.1
2007/10/13 0:28:01,28.43,57.22,14.1,3.5
2007/09/09 5:03:05,28.27,56.66,14.2,3.4
2007/09/05 15:59:02,28.42,56.63,14.1,4.2
2007/09/05 12:27:00,28.399,56.684,14,4.8
2007/08/31 5:23:59,26.95,55.84,15,4.6
2007/08/29 19:34:01,28.5,56.62,18,4.1
2007/08/28 9:30:31,28.17,56.74,15,4.9
2007/08/28 8:44:02,27.82,57.5,15,4
2007/08/28 8:30:10,28.11,56.75,10,4.3
2007/08/25 4:31:51,28.82,56.72,8,3.4
2007/08/25 4:24:22,28.154,56.652,10,5
2007/07/29 15:08:45,32.047,56.163,2.5,4.4
2007/07/24 10:08:06,27.64,56.14,14,5
2007/07/23 17:54:08,27.55,55.79,11.4,4.7
2007/07/16 19:36:59,31.2,56.461,10,3.4
2007/07/16 17:25:51,28.18,57.16,28.2,4
2007/07/04 9:51:34,32.08,55.88,11,4.2
2007/07/04 6:11:07,32.08,55.9,12,5
2007/06/28 13:05:40,29.78,58.12,11,4.1
2007/06/27 19:08:17,26.86,55.97,18,4.1
2007/06/25 14:55:21,28.33,57.29,16.5,3.6
2007/06/23 12:27:52,27.8,55.3,5,3.4
2007/06/22 10:54:00,28.52,57.29,14,4.1
2007/06/15 13:37:44,30.32,57.6,13,4
2007/06/08 0:20:20,27.65,55.003,18,3.6
2007/06/07 21:04:59,28.817,57.276,111,4.2
2007/06/03 12:10:01,30.45,57.26,14.1,4.1
2007/05/22 22:33:00,27.139,56.719,6.5,4.2
2007/05/16 1:52:17,27.827,56.327,29.2,3.4
2007/05/16 0:27:33,27.88,56.05,10,4.5
2007/05/16 0:19:10,27.9,56.02,7,4.4
2007/05/09 10:46:41,29.3,58.42,17,4
2007/05/08 3:28:25,31.8,56.2,24,4.2
2007/05/02 2:03:03,28.41,56.18,29.3,3.8
2007/05/01 23:38:01,28.078,56.388,24.2,3.9
2007/05/01 7:51:31,26.93,55.88,9,4.1
2007/04/30 1:38:18,28.351,55.229,34.4,4.1
2007/04/28 21:22:56,28.23,56.26,14.1,4.5
2007/04/28 21:09:03,28.14,56.41,26,3.8
2007/04/28 8:59:42,28.15,56.06,18,3.6
2007/04/26 14:11:13,28.084,56.389,10,4.1
2007/04/26 4:59:34,28.18,56.31,14.1,4.6
2007/04/26 4:03:31,28.23,56.24,14.1,4.6
2007/04/26 2:32:00,28.22,56.26,14.1,3.5
2007/04/25 20:02:15,28.23,56.27,14,4.8
2007/04/25 4:19:00,28.19,56.22,15.9,5.2
2007/04/11 22:15:13,31.79,59.82,14,4.1
2007/04/08 11:22:21,30.94,56.82,10.6,4.2
2007/04/01 19:51:24,30.719,56.889,10,4.2
2007/04/01 7:34:46,26.962,55.841,10,3.8
2007/03/29 2:38:43,27.8,55.26,14.1,3.8
2007/03/28 20:04:46,27.515,56.606,10,3.8
2007/03/26 11:00:45,28.65,57.49,14.1,4.6
2007/03/26 6:36:49,28.977,58.344,14.1,4.8
2007/03/25 20:52:43,28.46,56.06,13,3.2
2007/03/23 22:28:41,27.714,55.31,6.1,3.4
2007/03/23 21:38:02,27.47,55.15,14,5
2007/03/18 20:41:04,28.194,55.139,21.3,3.4
2007/03/17 14:20:24,27.091,58.021,14.1,4.9
2007/03/04 4:42:27,28.23,57.28,10,3.7
2007/02/27 22:49:24,28.05,55.145,20.6,4.1
2007/02/27 22:28:12,28.1,55.08,6,5
2007/02/20 9:23:18,27.558,56.573,22.2,5
2007/02/19 2:45:58,31.13,56.77,15,4.6
2007/02/16 22:14:53,31.384,56.818,35,4.2
2007/01/07 15:32:23,33.986,56.652,37.6,4.5
2007/01/03 7:49:11,32.24,55.56,10,4.2
2006/12/28 19:48:41,28.28,57.64,14.1,4.5
2006/12/28 3:32:47,28.98,57.25,25.9,3.9
2006/12/24 11:35:55,29,56.9,15,4
2006/12/21 15:06:03,28.044,56.675,10,3.5
2006/12/18 19:43:38,26.95,56,26.8,4.6
2006/12/15 15:15:46,28.26,56.82,14.8,3.5
2006/12/13 13:32:08,30.55,57.52,7,4.4
2006/12/09 8:09:08,28.612,58.1,14.1,4.3
2006/12/08 7:58:35,30.86,56.63,14.2,4.5
2006/11/18 18:15:13,26.923,56.693,10,4.4
2006/11/18 3:43:04,27.11,55.74,17,3.2
2006/11/18 1:05:15,27.22,55.74,14,4.4
2006/11/16 11:22:47,26.407,57.929,22.2,4.3
2006/11/13 18:31:53,27.49,56.56,14,3.9
2006/11/13 10:59:55,27.646,55.088,10,4.5
2006/10/27 22:27:06,28.28,56.79,15,3.3
2006/10/26 3:33:13,26.78,57.57,18,4.6
2006/10/25 10:04:01,28.42,57.09,7,4.2
2006/10/09 7:43:53,30.83,56.74,14.1,4.4
2006/09/30 16:16:15,27.28,55.851,22.2,4.3
2006/09/24 10:30:11,33.69,56.89,18,4.3
2006/09/24 9:35:03,27.35,56.31,7.6,3.6
2006/09/18 22:59:33,28.348,56.777,30.9,3.4
2006/09/14 3:18:20,27.46,55.33,15,3.8
2006/08/31 2:28:31,30.29,57.42,18.1,4.4
2006/08/27 15:06:58,31.52,57.15,14.2,3.9
2006/08/23 8:36:12,27.5,55.84,13.2,4.4
2006/08/16 9:09:08,33.38,56.89,5,4.3
2006/07/25 21:51:40,27.683,56.665,10,3.8
2006/07/25 15:24:13,27.575,55.526,10,3.7
2006/07/20 23:46:54,29.08,55.27,22,4.9
2006/07/17 22:01:01,26.72,55.82,10,4.4
2006/07/08 21:00:55,29.156,58.574,9.2,4.3
2006/07/07 20:10:58,27.13,55.77,15,3.4
2006/07/07 20:01:37,26.86,55.85,14,3.7
2006/07/07 3:28:57,27.06,56.04,14.1,4
2006/07/05 7:33:33,26.91,55.92,6.9,4.2
2006/07/01 13:19:29,26.847,55.832,10,3.7
2006/06/30 15:06:15,26.9,55.8,22,4.4
2006/06/30 5:38:53,26.8,55.9,7,4.6
2006/06/29 23:44:25,26.8,55.8,14,4
2006/06/29 19:20:02,27.02,55.98,14.2,3.3
2006/06/29 16:41:49,26.798,55.906,10,4.6
2006/06/28 23:40:46,26.86,55.77,14.8,3.5
2006/06/28 22:25:56,26.695,55.84,10,3.3
2006/06/28 22:23:15,27,55.9,14.3,3.6
2006/06/28 21:55:12,26.9,55.95,10.4,4
2006/06/28 21:36:41,26.96,55.88,9.5,4.4
2006/06/28 21:26:01,26.76,56.25,6.4,4.5
2006/06/28 21:19:31,27.07,55.68,14.1,3.6
2006/06/28 21:16:12,26.901,55.714,10,4.1
2006/06/28 21:02:10,26.925,55.866,11,5.8
2006/06/19 14:03:54,28.23,57.38,14.1,3.6
2006/06/11 3:04:58,31.558,56.22,12,3.9
2006/06/07 21:31:52,31.21,56.25,22,4
2006/06/07 20:57:31,30.74,56.81,1,4.4
2006/06/04 16:18:27,30.43,57.32,14.1,4.2
2006/06/03 23:01:01,26.756,56.001,84.3,4.3
2006/06/03 13:14:19,26.41,55.93,34,4
2006/06/03 7:37:29,26.92,55.94,7.5,4.6
2006/06/03 7:15:36,26.759,55.843,12.1,5.1
2006/06/01 18:03:52,27.24,55.78,14.1,3.3
2006/06/01 2:16:58,27.63,55.84,18,3.4
2006/05/30 15:06:40,28.25,56.89,14.1,3.4
2006/05/20 7:19:45,32.44,59.46,15,3.8
2006/05/12 16:05:33,27.476,55.64,43.3,4.8
2006/05/11 18:29:52,31.6,59.89,0,4
2006/05/07 7:51:39,31.83,56,10,4
2006/05/07 6:20:54,30.79,56.7,14.1,5
2006/04/28 0:52:47,27.47,55.82,14,4.2
2006/04/24 17:23:10,27.73,55.41,14.1,4
2006/04/23 1:05:52,27.74,55.42,14.8,3.8
2006/04/19 17:01:45,28.22,56.8,16.2,4.4
2006/04/19 16:41:44,26.92,55.86,15.5,4.3
2006/04/16 15:48:36,26.81,55.9,15,4.8
2006/04/13 1:29:35,28.32,55.348,35,3.5
2006/04/13 1:28:11,27.58,55.87,14,3.7
2006/04/11 5:15:15,27.277,55.698,13.2,3.5
2006/04/10 5:15:25,28.26,56.72,15.4,3.5
2006/04/07 12:37:22,28.41,57.25,33.6,3.9
2006/04/05 22:05:52,27.306,55.4,10,3.7
2006/04/05 12:23:29,27.373,55.543,18.1,4.4
2006/04/04 10:27:09,27.53,55.92,14.1,4.1
2006/04/01 8:08:14,27.33,57.42,14,3.5
2006/03/30 7:28:49,27.48,55.57,14.1,4.4
2006/03/28 17:38:50,28.12,56.72,18,3.8
2006/03/28 15:32:11,27.49,55.95,18,4
2006/03/27 2:39:53,27.45,55.8,14.1,3.4
2006/03/26 17:34:18,27.66,55.69,14.7,3.6
2006/03/26 9:37:57,27.268,55.807,21.8,4.7
2006/03/26 7:21:32,27.55,55.91,18,4.4
2006/03/25 21:54:18,28.13,56.89,14.1,3.7
2006/03/25 21:24:58,26.557,56.193,10,3.7
2006/03/25 21:23:26,27.68,55.79,14.1,3.6
2006/03/25 17:48:26,27.48,55.63,18,4.4
2006/03/25 16:08:29,27.52,55.8,8,4.2
2006/03/25 15:29:40,27.68,56.17,27,4.3
2006/03/25 15:27:22,27.658,55.661,10,3.4
2006/03/25 14:58:30,27.355,55.73,10,4.7
2006/03/25 13:14:32,27.4,55.77,32,4.4
2006/03/25 12:55:38,27.3,55.88,18,4.4
2006/03/25 12:13:43,27.443,55.509,10,4.9
2006/03/25 12:12:39,26.517,55.979,10,3.9
2006/03/25 11:57:34,27.47,56.48,15.7,4
2006/03/25 11:50:09,27.67,56.02,14.1,3.7
2006/03/25 11:16:22,27.63,55.87,14.1,4.5
2006/03/25 11:02:57,27.54,55.81,15,5
2006/03/25 10:48:05,27.52,55.72,14.2,3.5
2006/03/25 10:37:01,27.65,55.94,17.7,4.6
2006/03/25 10:22:55,27.63,55.86,14.1,4.8
2006/03/25 10:09:43,27.64,56.24,14.2,3.7
2006/03/25 10:00:37,27.47,55.8,15,5.2
2006/03/25 9:55:12,27.541,55.78,10,5.5
2006/03/25 9:53:02,27.522,55.637,10,4.5
2006/03/25 8:56:22,27.378,55.45,10,4.9
2006/03/25 8:20:22,27.53,55.87,15,3.8
2006/03/25 8:03:03,27.61,55.93,14.1,3.2
2006/03/25 7:42:47,27.62,55.91,14.1,4.1
2006/03/25 7:28:58,27.574,55.685,18,5.9
2006/03/24 1:42:50,28.2,56.79,18,3
2006/03/20 7:47:47,32.31,55.84,16,4
2006/03/11 21:33:40,28.155,56.831,15,4.9
2006/03/11 21:10:13,27.18,57.18,41.4,3.7
2006/03/10 9:41:47,28.17,56.8,14.1,4.5
2006/03/08 12:30:58,28.066,56.811,21.7,4.6
2006/03/07 4:36:58,28.065,56.694,10,3.1
2006/03/07 2:19:03,30.748,56.841,16.7,4.3
2006/03/06 3:09:45,28.18,56.79,27.1,3.8
2006/03/05 19:22:40,28.24,56.91,14,3.1
2006/03/02 13:37:08,28.23,56.82,14.2,3.4
2006/03/02 12:16:43,28.21,56.76,15.5,4.3
2006/03/01 17:15:46,28.16,56.74,14,3.7
2006/03/01 14:24:09,28.29,56.67,25,3.3
2006/03/01 2:32:35,28.15,56.99,18,3.8
2006/03/01 0:57:21,27.875,55.593,0,3
2006/02/28 21:39:58,28.24,56.78,25.2,4
2006/02/28 20:01:41,28.27,56.68,15,4.5
2006/02/28 19:29:20,28.102,56.754,20.8,3.8
2006/02/28 17:30:38,28.16,57.11,17,3.4
2006/02/28 10:40:15,28.059,57.046,22.1,3.6
2006/02/28 8:40:22,27.996,56.851,19.2,4.9
2006/02/28 8:02:12,28.12,56.79,28.4,4.1
2006/02/28 7:31:03,28.12,56.865,18,6
2006/02/27 8:02:12,26.76,55.8,14.1,4.2
2006/02/26 12:24:29,28.134,55.264,56,4.7
2006/02/21 8:25:17,27.35,55.78,14.1,3.1
2006/02/21 8:09:23,27.36,55.78,15,4
2006/02/21 5:37:32,27.463,55.788,22.6,4.7
2006/02/20 21:23:03,27.61,55.477,10,3.4
2006/02/18 11:03:32,30.75,55.89,14.1,4.7
2006/02/16 22:52:55,27.64,56.07,14.2,3.7
2006/02/06 23:31:57,29.163,58.403,10,4.1
2006/02/06 21:14:08,26.93,55.95,12,3.2
2006/02/06 19:58:19,29.296,58.433,14.2,4.1
2006/02/01 12:17:55,26.755,55.856,9.4,4
2006/01/24 16:07:34,26.68,55.79,18,3.5
2006/01/12 21:32:33,26.886,55.903,7.4,4.4
2005/12/30 16:30:52,27.48,55.93,14.1,3.3
2005/12/27 21:53:15,28.123,56.068,14.2,4.8
2005/12/27 16:13:52,29.93,57.79,10,4.1
2005/12/27 11:01:12,30.93,56.72,10,4.1
2005/12/27 8:37:18,33.53,59.91,17,4
2005/12/11 14:24:37,28.198,56.946,35,4.8
2005/12/06 12:02:01,26.995,55.779,35,4.2
2005/12/06 0:22:28,26.604,55.777,10,4.3
2005/12/01 21:58:41,27.72,56.09,18,3.9
2005/12/01 17:29:29,26.64,55.69,10,4.6
2005/12/01 0:34:27,26.73,55.68,10,4.3
2005/11/30 15:19:56,26.717,55.797,10,4.7
2005/11/28 21:43:50,26.834,55.823,10,4.5
2005/11/28 17:15:26,26.952,56.164,10,4.3
2005/11/28 14:12:48,26.681,55.828,10,4.1
2005/11/28 14:06:58,26.793,55.862,10,4.6
2005/11/28 5:40:02,26.687,55.769,10,4.1
2005/11/28 2:30:07,26.74,55.941,10,4.2
2005/11/27 23:26:03,26.663,55.73,10,3.5
2005/11/27 20:47:17,26.66,55.875,10,4.1
2005/11/27 20:29:27,26.972,55.806,10,4.1
2005/11/27 16:30:38,26.842,55.806,10,5.5
2005/11/27 14:50:43,26.782,55.869,10,4
2005/11/27 13:40:48,26.906,55.808,10,3.6
2005/11/27 13:05:30,26.648,55.819,10,4.5
2005/11/27 12:19:39,26.662,55.852,10,3.8
2005/11/27 12:05:35,26.609,55.884,10,4.5
2005/11/27 11:13:10,26.724,55.793,10,5
2005/11/27 11:07:28,26.822,55.611,10,3.8
2005/11/27 10:53:12,26.67,55.808,10,4.2
2005/11/27 10:48:03,26.871,55.777,10,4.1
2005/11/27 10:22:19,26.774,55.858,10,5.9
2005/11/20 16:11:09,30.86,56.74,10,4.1
2005/11/13 21:32:48,32.64,57.49,10,4.5
2005/10/13 20:35:51,30.046,56.705,10,4.2
2005/10/05 13:39:29,27.62,56.62,14.4,3.8
2005/10/03 18:39:19,28.55,56.89,16.5,4.2
2005/09/19 6:13:23,28.303,55.241,18,4
2005/09/05 14:12:37,28.398,58.319,61.9,4
2005/09/05 5:00:21,30.985,56.613,35,4
2005/07/31 11:14:07,28.42,57.24,14.3,3.7
2005/07/14 13:14:22,33.05,58.17,10,4.3
2005/07/14 11:35:03,30.95,56.35,10,4.1
2005/07/12 8:04:27,27.26,56.01,14.1,4.6
2005/07/03 18:54:43,27.07,57.95,14.1,4.1
2005/07/03 3:35:41,28.006,55.951,10,3.6
2005/07/01 21:56:50,28.38,56.02,14.6,3.7
2005/06/19 4:46:11,33.135,58.088,42,4.9
2005/06/04 22:39:27,32.147,57.671,10,4.1
2005/06/04 18:56:39,30.811,56.866,10,4
2005/05/18 0:18:14,30.647,56.684,10,4.1
2005/05/17 23:53:13,30.825,56.573,10,3.6
2005/05/14 18:04:55,30.687,56.862,10,5.2
2005/05/13 0:27:50,26.4,55.02,26.2,4.1
2005/05/12 22:55:07,30.544,56.943,6.5,4.6
2005/05/01 19:43:33,30.766,56.887,20,4.2
2005/05/01 19:12:10,30.728,56.893,13.5,4
2005/05/01 18:58:43,30.704,56.965,30.6,5.1
2005/05/01 2:09:59,28.39,56.21,14.1,4.1
2005/04/25 5:02:47,30.72,56.68,14.1,3.6
2005/04/23 8:48:55,27.632,56.74,55,4.5
2005/04/05 2:14:32,32.293,56.599,10,4
2005/03/28 12:33:47,28.192,55.758,50.7,3.5
2005/03/26 16:00:08,27.686,56.705,35,3.7
2005/03/19 1:29:57,30.746,56.745,10,3.9
2005/03/18 3:52:16,27.651,56.166,45,4.1
2005/03/15 22:49:01,30.76,56.81,14,4.2
2005/03/15 22:43:49,30.77,56.87,14,4.1
2005/03/15 8:00:35,30.79,56.87,14,4.2
2005/03/06 9:02:53,30.76,56.77,14.1,4.4
2005/03/04 3:42:41,30.79,56.75,14,4.1
2005/03/03 16:53:00,27.224,56.005,37.1,4.7
2005/03/03 0:50:05,30.778,56.976,10,4.6
2005/03/01 16:13:50,30.907,56.776,8.2,4.4
2005/02/28 3:48:36,30.836,56.705,41.4,3.8
2005/02/27 13:20:45,30.769,56.792,10,4
2005/02/27 12:56:47,30.76,56.837,10,4
2005/02/27 9:05:32,30.882,56.73,10,3.9
2005/02/27 6:28:54,30.86,56.743,10,3.8
2005/02/27 5:36:52,30.871,56.852,10,3.4
2005/02/26 20:20:17,32.045,56.322,10,4.3
2005/02/26 9:09:55,30.678,56.893,10,4.1
2005/02/25 19:54:17,30.755,56.8,10,4.1
2005/02/25 1:12:01,30.637,56.744,10,4.4
2005/02/24 23:26:33,30.838,56.741,10,4.2
2005/02/24 8:39:36,30.772,56.709,10,3.6
2005/02/22 17:31:28,30.505,56.829,10,3.6
2005/02/22 16:59:37,30.578,56.895,10,3.8
2005/02/22 6:48:08,30.554,56.831,10,3.8
2005/02/22 6:06:53,30.545,56.892,10,3.7
2005/02/22 6:06:31,30.847,56.87,10,4
2005/02/22 5:56:38,30.565,56.873,10,3.5
2005/02/22 5:26:47,30.473,56.795,10,4.6
2005/02/22 5:08:31,30.744,56.889,10,4.3
2005/02/22 3:49:59,30.643,56.691,10,4
2005/02/22 3:31:13,30.793,56.938,10,3.9
2005/02/22 2:48:57,30.593,56.664,10,4
2005/02/22 2:41:13,30.707,56.772,10,4.6
2005/02/22 2:25:23,30.754,56.816,14,6.4
2004/12/23 11:01:10,28.144,57.186,35,4.5
2004/12/11 3:35:55,27.774,57.571,20.6,4.6
2004/12/08 10:04:13,27.921,57.495,77.6,5
2004/11/30 13:35:06,28.386,58.375,50,3.9
2004/11/24 15:49:57,28.11,57.479,64.5,3.7
2004/11/13 4:35:38,27.853,55.276,10,4.1
2004/11/12 0:30:35,28.596,56.812,96.1,4.3
2004/11/11 20:36:44,28.466,56.963,59.8,4.6
2004/10/14 2:28:47,31.695,57.019,35.9,4.5
2004/10/14 1:21:18,30.769,56.764,4.1,4.2
2004/10/10 16:27:50,28.219,57.27,21.4,4.7
2004/10/10 10:28:10,26.898,57.544,10,4.6
2004/10/09 6:08:26,28.303,57.135,63.7,4.5
2004/10/07 12:55:01,28.33,57.311,56.5,5
2004/10/07 7:17:11,28.801,57.841,104,4.5
2004/10/06 11:14:34,28.837,57.93,72.1,5.2
2004/08/28 4:32:11,31.139,57.4,10,4.2
2004/08/16 6:31:02,29.134,58.416,50,3.9
2004/08/10 2:31:04,28.485,57.068,24.9,5
2004/08/05 16:25:21,28.856,57.216,10,4.1
2004/07/22 4:51:36,29.115,58.311,10,4.8
2004/07/14 4:42:04,30.525,57.526,52.8,3.7
2004/07/13 5:50:05,29.228,57.091,25,4.2
2004/07/03 22:22:22,28.38,56.502,90.8,4.2
2004/06/17 13:57:24,28.983,58.626,10,3.5
2004/05/29 5:19:56,31.277,56.641,40.6,4
2004/05/29 2:33:48,29.111,58.35,10,4.2
2004/04/21 14:45:22,28.492,57.136,55,4.6
2004/04/13 3:47:04,27.076,56.043,45,4.2
2004/04/11 7:27:31,28.982,57.844,25,4.5
2004/04/08 14:23:04,28.969,58.203,10,4
2004/03/24 18:13:14,27.592,56.168,65.8,4.6
2004/03/20 17:33:47,27.704,55.192,45,4.3
2004/03/20 1:13:41,28.929,57.48,10,3.6
2004/03/18 13:21:21,28.409,56.973,50,4.5
2004/02/18 17:36:03,28.005,55.957,10,3.8
2004/02/18 0:00:19,27.152,59.257,58.9,4.1
2004/02/02 2:02:51,28.34,56.057,48.4,4
2004/01/31 9:59:12,28.607,57.805,55,4.1
2004/01/28 17:29:32,29.012,58.325,10.4,4.1
2004/01/28 9:33:37,27.046,57.453,38.9,4.3
2004/01/28 9:06:49,26.878,57.513,25.7,5.2
2004/01/21 13:23:36,29.169,58.239,10,4.3
2004/01/18 2:02:20,27.545,56.197,45,4.5
2004/01/11 5:06:05,29.187,58.55,10,4.1
