date,time,latitude,longitude,depth,mag
2019/09/16,8:03:22 PM,27.5961,56.3791,10,4.3
2019/09/16,4:55:42 PM,27.6148,56.3437,10,4.5
2019/09/08,7:13:49 PM,26.9847,55.5638,34.36,4.4
2019/09/08,10:53:28 AM,26.9094,55.608,10,4.6
2019/09/03,6:47:04 PM,27.1568,59.6836,35.24,4.9
2019/08/27,8:05:30 PM,27.946,56.6744,10,4.2
2019/07/26,11:45:12 AM,31.9141,55.6066,10,4.3
2019/07/22,10:59:02 PM,26.759,55.0084,10,5
2019/07/16,6:15:26 PM,28.4389,56.8105,10,4.3
2019/07/16,4:21:05 PM,28.4173,56.761,10,4.5
2019/06/20,10:20:30 AM,33.5304,59.6126,10,4.5
2019/06/17,1:32:26 PM,27.6334,55.8904,10,4.7
2019/06/15,7:08:28 AM,31.0541,56.7123,10,4.3
2019/06/14,10:09:29 PM,26.0485,59.832,16.03,4
2019/06/02,1:16:59 AM,27.6941,59.2935,61.79,4.4
2019/05/30,11:09:12 PM,29.1951,56.2983,10,4.1
2019/05/13,8:09:11 AM,26.8401,55.2477,35,4.3
2019/05/10,2:41:57 AM,27.495,56.0641,35,4.1
2019/04/25,3:03:16 PM,30.6962,57.3128,10,4.4
2019/04/20,2:41:06 AM,27.2213,55.8008,10,4.7
2019/04/16,10:43:50 PM,30.8446,57.2132,10,4
2019/03/27,6:19:30 AM,27.536,56.564,10,4.2
2019/03/27,4:52:11 AM,28.2317,56.1775,10,4.3
2019/03/02,10:04:48 AM,30.7342,57.3024,10,4.3
2019/02/14,8:00:46 AM,28.123,55.7877,10,4.2
2019/02/11,4:12:31 AM,27.0666,55.6283,10,4.5
2019/02/10,2:56:38 PM,27.0121,55.5816,10,4.3
2019/02/10,10:54:48 AM,27.0899,55.5458,10,5.4
2019/02/09,7:19:47 AM,27.9816,56.6045,10,4.1
2019/01/14,1:27:15 AM,29.1458,58.2239,10,4
2018/12/31,6:44:14 AM,28.1897,56.5665,10,4.3
2018/12/29,11:16:40 PM,28.1781,55.5133,10,4.2
2018/12/24,11:16:47 PM,30.8021,57.1969,10,4.2
2018/12/05,8:12:38 PM,27.4715,56.2079,10,4.3
2018/11/16,8:16:58 PM,28.2663,58.2083,10,4.9
2018/11/06,4:14:43 AM,28.1886,57.0433,10,4.4
2018/10/04,5:26:08 PM,29.18,57.1159,10,4.1
2018/10/03,11:53:02 PM,30.7004,57.2754,10,4.3
2018/09/30,1:23:28 PM,28.9267,57.4876,10,4.7
2018/09/27,12:14:08 AM,27.0518,57.4244,10,4.1
2018/09/13,11:49:04 PM,30.818,57.2739,10,4.3
2018/09/07,6:38:42 AM,28.1691,59.4499,10,4.3
2018/09/07,6:23:39 AM,28.3261,59.3199,10,5.6
2018/08/23,5:19:03 AM,29.3346,56.815,86.9,4.6
2018/08/04,9:35:58 AM,29.1954,57.1893,10,4.4
2018/07/30,10:38:56 AM,28.2298,56.9732,10,4.3
2018/07/22,8:39:17 PM,30.4313,57.4531,10,5.6
2018/07/15,11:48:24 AM,28.1362,57.6267,10,4.5
2018/07/15,1:51:59 AM,26.6492,58.8271,10,4.6
2018/07/13,9:03:23 AM,28.1088,57.2458,10,4.7
2018/07/04,12:57:42 AM,27.9135,56.7946,10,4.3
2018/06/27,11:46:32 PM,27.5926,57.2231,10,4.3
2018/06/24,1:24:33 PM,30.5901,56.9416,10,4.4
2018/06/13,4:47:25 PM,31.4953,57.6508,10,4.6
2018/06/02,2:40:53 AM,27.6063,55.7726,10,3.9
2018/05/17,7:46:51 PM,32.3614,58.9592,10,4.4
2018/05/08,6:27:32 PM,27.8837,57.7004,10,4.5
2018/05/05,6:13:57 PM,26.986,55.8186,10,4.3
2018/04/26,5:36:04 PM,29.2152,55.7573,16.38,4.2
2018/04/24,2:59:17 PM,28.0516,57.2679,10,4.2
2018/04/22,11:44:26 PM,31.4267,56.3093,10,4.3
2018/04/22,12:35:46 PM,31.3316,56.3354,10,4.4
2018/04/21,8:03:53 PM,31.3369,56.269,10,4.5
2018/04/18,1:11:27 AM,27.5734,56.6541,10,4.3
2018/04/11,5:04:07 PM,30.7952,57.1329,10,4.1
2018/03/30,12:45:15 PM,30.6379,57.2685,10,4.4
2018/03/21,10:26:02 PM,27.6181,56.6133,10,4.1
2018/03/21,8:41:20 PM,27.5785,56.6061,10,5
2018/03/21,12:33:10 PM,27.6073,56.6414,10,4.7
2018/03/16,7:24:19 AM,31.8677,56.7334,10,4.6
2018/03/12,7:35:32 AM,28.1387,57.3942,10,4.9
2018/03/07,2:50:20 PM,27.8892,57.5886,35,4.8
2018/03/07,2:46:13 PM,28.0261,57.6064,35.46,5.2
2018/02/25,8:15:46 PM,27.6649,56.5507,10,4.6
2018/02/19,1:56:46 PM,30.7687,57.2832,10,4.4
2018/02/09,5:08:41 AM,30.664,57.2224,10,4.1
2018/02/05,11:49:42 PM,30.7167,57.2282,10,4.4
2018/02/05,2:16:39 PM,30.7545,57.1558,10,4.1
2018/01/25,5:17:36 PM,27.3526,57.3794,10,4.2
2018/01/12,3:03:35 AM,30.6837,57.2632,10,4.2
2018/01/11,1:35:34 PM,30.7018,57.2571,10,4.9
2018/01/11,3:18:30 AM,30.7268,57.3359,10,5
2018/01/03,8:42:32 PM,31.6357,56.157,10,4
2018/01/03,4:13:13 AM,30.7725,57.3872,10,4.6
2017/12/27,6:01:15 PM,30.8057,57.2499,10,5
2017/12/25,5:25:38 AM,31.2826,56.2676,10,4.6
2017/12/25,5:15:10 AM,31.3402,56.1979,10,4.3
2017/12/25,3:34:16 AM,30.8107,57.32,10,4.4
2017/12/23,10:58:14 PM,28.1534,57.1581,10,4.5
2017/12/21,6:33:43 PM,31.3653,56.1798,10,4.3
2017/12/21,5:04:47 PM,31.3839,56.2594,10,5.2
2017/12/19,1:02:33 PM,30.8083,57.254,10,4.5
2017/12/16,10:26:56 AM,30.7189,57.1682,10,4.1
2017/12/16,2:20:31 AM,30.7735,57.2763,10,4.4
2017/12/13,9:51:57 AM,30.7842,57.2052,10,4.3
2017/12/13,4:03:16 AM,30.774,57.2233,10,4.3
2017/12/13,12:08:01 AM,30.775,57.231,10,4.3
2017/12/12,11:27:37 PM,30.7658,57.2802,10,4.5
2017/12/12,10:36:05 PM,30.7772,57.2138,10,4.1
2017/12/12,9:55:47 PM,30.7875,57.2996,10,4.1
2017/12/12,9:49:42 PM,30.8681,57.2454,10,5
2017/12/12,9:46:41 PM,30.796,57.2894,10,4.8
2017/12/12,9:41:31 PM,30.8275,57.2982,8,6
2017/12/12,4:50:22 PM,30.8132,57.3725,10,4.5
2017/12/12,1:22:39 PM,30.6696,57.2864,10,4.4
2017/12/12,9:50:30 AM,30.6551,57.4472,10,4.4
2017/12/12,9:42:20 AM,31.0501,57.2259,10,4.4
2017/12/12,8:43:18 AM,30.7372,57.2795,12,6
2017/12/08,12:38:30 PM,30.7512,57.2633,10,4.2
2017/12/06,1:29:52 AM,30.7074,57.2415,10,4.1
2017/12/05,9:23:43 AM,30.7157,57.279,8.44,4.3
2017/12/03,2:47:27 AM,30.7947,57.2935,10,4.3
2017/12/02,10:47:04 AM,30.7254,57.3614,10,5.2
2017/12/01,11:23:16 PM,30.6818,57.4003,10,4.4
2017/12/01,7:29:35 AM,30.7025,57.3126,10,4.2
2017/12/01,3:35:02 AM,30.7151,57.385,10,5.4
2017/12/01,2:43:27 AM,30.6973,57.4397,10,5.1
2017/12/01,2:32:46 AM,30.7464,57.307,9,6.1
2017/11/23,2:47:22 AM,28.0121,55.4169,10,4
2017/11/14,7:48:11 PM,32.9038,59.4679,10,4.4
2017/11/11,2:06:20 AM,27.4673,56.5657,10,4.3
2017/11/11,12:37:02 AM,27.5505,56.6715,10,4
2017/10/23,12:24:14 AM,27.9254,57.0544,10,5.3
2017/09/30,4:12:51 AM,27.8864,56.8156,10,4.2
2017/09/29,6:58:15 AM,28.2394,55.3052,10,4.2
2017/09/21,7:28:40 PM,30.7124,57.4099,10,4.5
2017/09/20,6:30:56 AM,27.9241,56.8128,24.32,4.4
2017/09/20,12:08:16 AM,30.7208,57.4066,10,5
2017/09/05,10:20:35 PM,32.6746,59.1001,10,4.7
2017/09/01,6:10:43 AM,27.8651,57.1309,10,4
2017/08/31,3:08:41 AM,27.847,57.0542,10,4.4
2017/08/31,1:30:28 AM,27.902,56.9464,10,5.2
2017/08/26,5:11:17 PM,31.5362,56.1725,10,4
2017/08/14,11:14:10 AM,27.4725,56.9824,10,4.5
2017/08/13,9:34:45 AM,27.4086,56.2313,10,4.5
2017/08/06,9:24:39 AM,26.6317,55.428,10,3.9
2017/07/23,5:32:14 PM,30.1823,57.6157,10,5.2
2017/07/15,6:18:16 PM,28.8924,57.7056,10,4
2017/07/13,1:04:20 AM,26.6418,57.946,10,4.1
2017/06/14,10:14:46 AM,26.8932,55.8048,10,4
2017/06/09,10:22:36 AM,27.6107,55.2718,10,4.4
2017/05/23,1:31:33 AM,27.5651,55.8112,10,4.2
2017/04/11,5:16:25 AM,30.806,56.6074,10,4.1
2017/04/01,7:59:49 PM,29.4447,56.775,99.29,4.2
2017/03/25,7:38:37 AM,28.2712,57.0927,10,4.5
2017/01/28,12:18:26 AM,29.2466,56.2697,10,4.1
2017/01/25,5:41:42 AM,28.5733,56.8983,10,4.9
2017/01/21,8:23:17 AM,29.2091,56.5135,54.21,4.5
2016/12/27,12:42:59 PM,28.1988,57.3713,10,4.4
2016/12/27,12:41:26 PM,28.0815,57.2281,10,4.6
2016/12/27,12:26:36 PM,28.1225,57.2505,10,4.4
2016/12/10,5:07:53 PM,28.313,57.0158,2.04,4.2
2016/12/05,2:24:53 PM,27.7028,59.1943,62.42,5.1
2016/12/01,9:21:44 AM,30.3313,57.6002,10,4.7
2016/11/09,1:15:22 AM,28.2167,57.3619,10,4.5
2016/11/09,1:05:31 AM,28.1942,57.3139,10,4
2016/10/31,1:44:02 PM,30.7332,56.5087,10,4.3
2016/10/28,2:02:28 PM,30.6891,56.3947,17.67,4.8
2016/10/20,3:10:31 PM,30.7819,56.519,10,4.8
2016/09/21,7:41:13 AM,27.0043,59.7705,10,4.5
2016/07/24,1:26:33 PM,28.155,57.429,10,4.5
2016/07/14,4:18:00 PM,27.6492,56.462,26.64,4.4
2016/07/06,11:58:27 PM,27.657,56.429,16.4,5.1
2016/06/26,5:38:55 AM,28.54,57.16,14,4.3
2016/06/17,10:03:47 AM,30.1856,57.5551,10,4.4
2016/06/04,9:54:13 AM,30.06,57.61,8,4.3
2016/05/29,5:18:33 PM,27.9025,55.1466,37.82,4.5
2016/05/20,11:59:15 AM,28.291,58.563,98.9,4.4
2016/05/03,10:41:00 AM,28.021,56.345,10,4.3
2016/04/24,3:18:14 PM,27.8307,55.1131,10,4.6
2016/02/01,1:46:34 PM,32.4299,55.533,10,4.3
2016/01/22,8:51:47 PM,28.3453,55.2943,19.54,5.1
2016/01/11,3:53:36 PM,27.7612,57.3575,10,4.4
2016/01/04,3:05:48 AM,26.6051,55.4464,10,4.4
2016/01/01,11:17:29 PM,26.5711,55.1188,10,4.3
2015/12/31,3:50:30 AM,31.09,57.08,8,3.9
2015/12/27,1:52:01 AM,27.8162,57.9299,10,4.1
2015/10/29,3:48:21 PM,32.0055,56.1417,15.24,4.4
2015/10/22,5:14:57 AM,32.01,56.11,9,4.2
2015/09/11,2:41:36 AM,27.4713,56.5586,10,4.1
2015/09/11,2:38:18 AM,27.4589,56.6124,10.51,4.2
2015/09/08,1:18:28 AM,28.584,57.237,10,4
2015/08/27,12:24:22 AM,26.541,55.877,11,4.2
2015/08/21,1:21:16 AM,30.042,57.643,8,3.9
2015/07/31,10:06:31 AM,30.0391,57.5809,11,5.2
2015/07/25,4:10:41 PM,30.0856,57.6938,4.08,4.8
2015/07/01,6:43:29 AM,28.1277,57.4498,50.38,4.4
2015/06/12,6:57:52 AM,28.253,57.211,8,4.5
2015/06/07,11:56:04 PM,27.7988,55.1304,10,4
2015/05/13,8:27:17 PM,27.8642,57.5417,10,4.3
2015/05/08,3:27:01 AM,32.145,55.827,5.9,4.1
2015/04/20,8:37:33 PM,28.509,57.185,10,4.2
2015/04/01,4:59:03 PM,29.2003,59.6857,10,4.7
2015/03/30,7:04:04 AM,32.138,55.807,8,4.3
2015/03/29,4:16:19 AM,27.024,57.638,14.2,4.9
2015/03/10,9:32:29 PM,26.475,58.108,20.5,4.1
2015/03/08,6:43:32 PM,30.03,56.53,12,3.9
2015/03/05,10:54:49 PM,28.0428,56.8139,10,5.2
2015/03/05,7:31:12 PM,27.5409,56.1407,10,4
2015/02/18,5:28:53 PM,27.417,56.253,10,4.1
2015/02/17,1:41:38 PM,30.0389,57.6596,10,4.5
2015/02/13,1:00:44 AM,30.178,57.584,10,3.9
2015/02/02,2:07:40 PM,27.4635,56.1742,10,4.3
2015/01/27,9:07:24 PM,27.464,56.19,10,4.3
2015/01/25,8:11:19 PM,27.46,56.19,9,5
2014/12/08,10:34:05 PM,28.145,56.955,12,4
2014/12/08,6:38:18 AM,27.506,56.209,14.2,4.3
2014/12/05,12:20:27 AM,28.409,57.0677,10,4.2
2014/12/03,9:22:04 PM,28.337,55.553,14.3,4.1
2014/11/23,1:18:00 PM,26.47,56.59,16,4.9
2014/11/16,5:13:04 AM,28.339,56.518,10,4.7
2014/11/15,7:56:21 PM,28.239,55.381,15,4.7
2014/11/11,10:05:42 AM,27.897,55.937,8,5
2014/11/10,1:52:37 PM,27.9023,55.857,10,5.4
2014/11/06,6:43:30 PM,27.064,55.123,1.5,4.8
2014/10/24,12:38:56 PM,27.772,57.4,23.8,5.3
2014/10/21,10:47:03 PM,27.543,57.465,24.6,4.3
2014/10/15,9:31:44 PM,28.262,55.408,8.3,4.4
2014/09/24,6:44:11 PM,27.729,57.649,9.6,4.3
2014/09/24,2:25:45 PM,26.867,55.7885,10,4.6
2014/09/24,2:22:22 PM,26.8919,55.7594,10,4.1
2014/09/22,6:26:07 AM,30.6864,57.0986,20.12,3.8
2014/09/13,7:42:44 PM,32.305,55.825,5,4.2
2014/09/05,1:13:59 AM,27.672,56.768,13.3,4
2014/08/31,12:14:42 PM,27.704,57.6986,10,4.4
2014/07/26,10:48:40 AM,26.724,57.192,9,3.8
2014/07/22,3:22:39 PM,27.6039,57.3339,10,5.1
2014/07/05,3:11:48 AM,28.35,55.06,14,4.7
2014/07/03,4:20:01 AM,26.857,55.338,9,4.1
2014/06/30,3:48:46 AM,32.183,58.978,9.5,4.2
2014/06/28,6:45:40 PM,32.0932,58.9991,10.27,4.4
2014/06/18,12:29:42 AM,29.038,58.332,19.1,3.7
2014/06/11,6:06:34 AM,28.427,57.044,8,3.9
2014/06/02,10:51:16 PM,27.76,57.22,14,4.9
2014/05/27,5:44:30 AM,26.543,55.905,14.3,5.1
2014/05/12,4:42:24 PM,28.2929,58.183,10,4.1
2014/05/09,6:17:25 AM,27.92,57.47,14.1,4.2
2014/05/09,12:08:45 AM,27.903,57.52,20,4.6
2014/04/05,12:16:31 PM,30.921,56.597,14,4.1
2014/04/01,6:40:19 AM,28.295,57.82,10,4.2
2014/04/01,6:37:20 AM,28.1307,57.7307,10,4.4
2014/03/16,2:34:40 PM,28.1882,57.6362,10,4.5
2014/03/12,8:21:59 PM,28.336,57.069,10,4.3
2014/02/26,8:08:05 AM,27.645,58.147,36,3.9
2014/02/22,5:29:10 PM,28.176,56.898,15,4.3
2014/02/07,7:43:31 PM,26.5274,57.6187,10.02,4.2
2014/02/03,7:00:29 PM,26.722,57.78,12.2,4.3
2014/02/02,6:15:45 PM,28.28,57.09,16,4.3
2014/02/02,2:46:42 PM,26.4447,57.3909,10,4
2014/02/02,2:46:11 PM,26.5921,57.5129,10,4
2014/02/02,2:26:46 PM,26.5886,57.7412,10,5.3
2013/12/26,12:44:27 AM,30.3,57.47,18,3.8
2013/11/27,7:25:43 AM,26.8555,56.936,10.72,4.5
2013/11/20,8:20:21 AM,27.406,56.167,17.3,4.3
2013/11/07,11:38:52 PM,26.55,57.5,12,4.1
2013/10/08,2:52:08 AM,27.195,55.92,10,4.8
2013/10/04,6:17:29 PM,32.9945,58.9102,19.33,4.8
2013/09/26,1:16:23 AM,31.111,59.6699,10.29,4.3
2013/09/25,4:18:37 PM,27.74,57.57,21,4.5
2013/09/21,6:27:46 AM,28.47,57.15,12,4.1
2013/09/17,4:19:41 PM,26.5581,55.7239,10,4.2
2013/08/27,10:00:42 PM,32.758,56.499,8,4.7
2013/08/25,1:56:33 PM,30.5909,57.0748,10,4.3
2013/08/15,8:08:41 PM,32.904,56.241,7.7,4.1
2013/08/10,12:08:00 PM,33.8,56.67,11,4.4
2013/07/31,10:09:05 PM,26.76,57.72,14.1,4
2013/07/18,4:55:27 AM,26.792,57.884,14.9,4
2013/07/17,11:55:29 AM,26.741,57.939,17.3,4.2
2013/07/13,12:52:59 AM,27.368,55.172,14.1,4.3
2013/07/09,5:05:12 PM,28.168,55.993,10,4
2013/07/03,12:05:48 PM,27.247,55.003,14.9,4.4
2013/07/02,11:18:33 AM,27.28,55.02,12,5
2013/07/02,1:33:43 AM,28.289,57.608,30.8,4.3
2013/07/01,7:03:55 PM,28.208,57.429,10,4.2
2013/06/30,4:25:32 PM,26.609,57.924,10,4.3
2013/06/19,8:05:24 PM,26.522,57.487,25.6,4
2013/06/19,4:26:58 PM,27.012,59.991,10.5,4.2
2013/06/05,5:34:39 AM,26.702,57.955,7,4.2
2013/05/31,5:20:02 AM,26.62,57.66,14.1,4.6
2013/05/30,7:15:29 PM,26.725,57.882,6.2,4.2
2013/05/30,5:18:27 PM,26.69,57.775,15.9,4
2013/05/21,11:38:46 PM,26.737,57.884,6.2,4.6
2013/05/20,8:33:45 PM,26.714,57.74,11.9,4.1
2013/05/20,9:16:30 AM,26.539,57.706,24.2,4.6
2013/05/20,7:02:27 AM,26.7,57.46,15,4.6
2013/05/18,3:10:40 PM,26.77,57.87,6,4.2
2013/05/18,12:09:44 PM,26.73,57.87,15,4.5
2013/05/18,10:57:47 AM,26.502,57.712,15,5.4
2013/05/18,10:03:16 AM,26.606,57.785,15,5.5
2013/05/17,2:45:20 PM,26.52,57.48,22,4.4
2013/05/15,6:51:17 PM,26.591,58.076,10,4
2013/05/15,4:09:03 PM,26.72,57.78,15,4.5
2013/05/14,1:43:01 PM,26.529,57.431,10,4
2013/05/14,10:02:38 AM,26.56,57.817,15,4.2
2013/05/13,5:44:25 AM,26.5,57.75,11,4
2013/05/13,1:43:00 AM,26.487,57.857,10,4.2
2013/05/12,10:15:34 PM,26.482,57.614,14.1,4.1
2013/05/12,8:18:32 PM,26.48,57.7,13,4.4
2013/05/12,6:12:01 PM,26.29,57.68,20,4.1
2013/05/12,5:50:36 PM,26.49,57.61,25,4.4
2013/05/12,12:48:07 PM,26.619,57.551,25.8,4.4
2013/05/12,11:56:31 AM,26.529,57.71,9.9,4.1
2013/05/12,11:00:14 AM,26.604,57.613,19.3,4.7
2013/05/12,10:54:49 AM,26.716,57.765,14,5.5
2013/05/12,9:02:20 AM,26.47,57.67,15,4.5
2013/05/12,6:13:14 AM,26.6,57.92,8,4.1
2013/05/12,4:23:03 AM,26.573,57.695,20.4,4.4
2013/05/12,2:50:05 AM,26.835,57.649,28,4.4
2013/05/12,1:57:22 AM,26.55,57.779,17.7,4.1
2013/05/12,1:08:21 AM,26.563,57.781,10,4.5
2013/05/12,1:06:24 AM,26.6,57.724,15.4,4.4
2013/05/12,12:24:56 AM,26.581,57.483,14.6,4.2
2013/05/12,12:07:00 AM,26.404,57.522,17.6,5.5
2013/05/11,10:28:08 PM,26.691,57.465,14.3,4.5
2013/05/11,10:25:21 PM,26.47,57.68,12,4.4
2013/05/11,10:23:06 PM,26.749,57.581,14.2,4.9
2013/05/11,9:51:31 PM,26.72,57.619,14.1,4.9
2013/05/11,6:06:14 PM,26.599,57.932,25,4.7
2013/05/11,2:23:17 PM,26.56,57.72,25,4.3
2013/05/11,10:25:34 AM,26.789,57.57,14.2,4.3
2013/05/11,10:03:05 AM,26.788,57.641,14.1,4.6
2013/05/11,8:42:34 AM,26.52,57.67,15,5
2013/05/11,8:38:27 AM,26.57,57.7,15,4.1
2013/05/11,7:58:38 AM,26.442,57.785,15.2,4.2
2013/05/11,5:59:35 AM,26.606,57.914,15.5,4.3
2013/05/11,5:45:29 AM,26.52,57.57,14.1,4.2
2013/05/11,5:34:15 AM,26.649,57.755,11.3,4.4
2013/05/11,5:21:29 AM,26.683,57.666,20.7,4
2013/05/11,4:53:35 AM,26.607,57.794,17.4,4.2
2013/05/11,4:11:36 AM,26.57,57.501,10,4.2
2013/05/11,4:09:27 AM,26.531,57.89,10,4.7
2013/05/11,3:58:15 AM,26.691,57.683,19.6,4.3
2013/05/11,3:41:27 AM,26.53,57.94,10,5.1
2013/05/11,3:17:22 AM,26.656,57.723,8.3,4.7
2013/05/11,3:09:47 AM,26.548,57.926,8.9,5.5
2013/05/11,3:03:27 AM,26.682,57.897,16.1,4.8
2013/05/11,2:50:00 AM,26.59,57.925,12.9,4.6
2013/05/11,2:49:34 AM,26.616,57.566,27.2,4
2013/05/11,2:45:48 AM,26.673,57.66,22.6,4.1
2013/05/11,2:32:45 AM,26.672,57.691,23.4,4.5
2013/05/11,2:29:37 AM,26.663,57.889,10.7,4.6
2013/05/11,2:08:08 AM,26.56,57.77,15,6.1
2013/05/09,8:50:34 AM,26.651,57.607,24.1,4.1
2013/05/09,8:01:34 AM,26.727,57.685,22.5,4.9
2013/04/25,7:48:57 AM,28.002,56.993,6.6,4.1
2013/04/24,3:51:14 AM,27.902,55,36,4
2013/03/08,9:38:50 PM,28.402,57.966,105,4.4
2013/03/04,2:29:53 PM,27.42,56.61,15,4.1
2013/02/22,1:39:24 AM,29.66,57.06,16,4.1
2013/02/07,1:42:09 PM,27.515,56.309,7.1,4.3
2013/02/03,5:46:58 PM,27.68,56.5,20,4.6
2013/01/24,9:28:30 AM,27.794,56.4,10,4.2
2013/01/24,4:51:07 AM,27.86,56.557,17.6,4.6
2013/01/21,7:48:59 PM,30.33,57.467,10,5.5
2013/01/07,12:41:57 AM,26.841,56.16,10,4.3
2013/01/06,3:24:14 PM,29.965,57.617,10,4.1
2012/12/18,2:53:50 AM,28.39,56.96,5,4.5
2012/12/14,10:10:27 AM,28.387,57.53,14.2,4.1
2012/12/09,12:14:06 AM,27.91,56.9,14,4.3
2012/12/05,5:08:14 PM,33.506,59.571,14.4,5.8
2012/12/03,12:53:23 PM,30.523,57.227,5,4.6
2012/10/27,8:54:59 PM,29.371,56.874,98,4.5
2012/10/21,4:38:19 PM,27.538,59.431,10,4.8
2012/09/21,3:28:30 AM,32.14,58.48,6,4.6
2012/09/03,3:03:42 AM,28.01,57.76,14.1,4.4
2012/09/02,12:50:00 AM,33.474,59.897,12,5.1
2012/08/09,11:45:00 PM,33.492,59.423,10,4.1
2012/07/12,11:49:28 PM,27.016,59.33,10,4.1
2012/07/12,11:33:58 PM,26.951,59.426,10,4.5
2012/07/12,9:18:27 PM,27.02,55.02,10,4.5
2012/06/04,3:58:09 AM,28.24,57.03,29,4
2012/05/14,10:12:32 AM,27.955,57.722,2,5.1
2012/05/07,12:29:15 AM,27.565,58.672,10,4.1
2012/04/29,11:58:42 AM,28.811,57.421,90,4.4
2012/04/18,5:40:40 PM,27.941,58.063,72.3,5.1
2012/03/26,12:06:19 AM,27.721,58.834,74.6,4.9
2012/03/15,6:17:07 AM,32.09,55,8,4.5
2012/03/11,5:00:07 AM,28.26,59.08,10,4.5
2012/03/08,2:01:43 AM,28.21,55.38,14,4.5
2012/03/07,6:57:44 AM,31.532,56.78,16.4,4.4
2012/03/05,7:30:15 PM,27.88,56.89,14.1,4
2012/02/28,6:51:09 PM,27.441,57.646,35,4.3
2012/02/27,6:48:55 PM,31.428,56.778,10,5.2
2012/02/15,6:57:36 PM,32.075,58.559,5,4.6
2012/01/09,7:53:35 PM,27.034,55.726,14.2,5.2
2011/12/20,4:46:33 AM,27.65,57.22,14,4.7
2011/12/19,1:52:56 AM,30.04,59.47,14.1,4.6
2011/12/16,9:10:44 PM,30.816,56.779,6,4.4
2011/12/10,4:13:51 PM,32.204,58.502,10,4.7
2011/11/21,1:56:42 AM,32.2,59.92,14.2,5
2011/11/20,7:20:17 AM,26.727,55.35,38.5,4.3
2011/11/20,12:40:59 AM,27.59,57.29,41,4.3
2011/11/13,2:11:06 PM,28.166,57.163,28.7,4.8
2011/11/13,8:00:15 AM,28.15,59.299,20,4.6
2011/10/20,6:57:26 AM,27.481,56.224,10,4.4
2011/10/04,9:44:23 AM,31.471,56.74,15,4.2
2011/09/23,10:12:41 PM,26.742,55.844,21.8,4
2011/09/19,10:30:53 PM,29.46,56.83,3,4.6
2011/09/05,6:45:02 PM,31.187,56.925,14.1,4
2011/09/04,4:41:45 PM,28.071,59.891,10,4.4
2011/08/21,1:54:45 AM,27.773,57.586,17,4
2011/08/15,10:44:34 AM,28.103,55.881,9.1,4.9
2011/08/09,7:25:09 PM,28.089,57.653,9.2,3.8
2011/08/02,6:08:32 PM,32.296,59.957,12.6,4.4
2011/07/29,1:42:28 PM,28.288,57.707,3.2,4
2011/07/28,10:27:23 PM,28.134,57.535,10,4.6
2011/07/28,10:27:14 PM,28.198,57.452,20,4.1
2011/07/26,4:58:48 AM,27.43,56.58,8.3,4
2011/07/21,3:09:26 AM,26.52,59.55,11,4.6
2011/07/01,5:22:37 AM,32.69,59.85,15,4.2
2011/06/26,8:17:56 PM,28.214,59.88,14.6,4.5
2011/06/26,7:47:00 PM,30.21,57.63,13,5.1
2011/06/26,10:45:24 AM,31.99,55.73,5,4
2011/06/15,2:46:03 AM,27.816,57.728,27.3,4.3
2011/06/15,2:35:53 AM,27.862,57.585,30.7,4
2011/06/15,2:00:57 AM,27.899,57.565,29.6,4.3
2011/06/15,1:15:17 AM,27.933,57.527,32,4.1
2011/06/15,1:12:50 AM,27.848,57.618,29.6,4
2011/06/15,1:10:55 AM,27.786,57.878,31,4.2
2011/06/15,1:05:31 AM,27.784,57.766,34,5.5
2011/06/15,1:03:22 AM,27.906,57.618,31.3,4.3
2011/04/30,8:55:13 AM,30.73,57.35,6,4.1
2011/04/13,3:37:10 AM,27.99,58.98,18,4.3
2011/04/11,12:02:20 PM,28.288,58.867,29.8,4.2
2011/03/22,2:32:11 AM,28.27,59.15,14.1,4.1
2011/03/21,6:02:25 AM,28.216,59.392,6.2,4.3
2011/03/18,9:49:56 PM,28.153,56.375,16.5,4.7
2011/03/18,2:26:09 AM,28.2,56.42,40,4
2011/03/14,7:55:09 AM,27.843,56.712,14.2,4.8
2011/03/05,8:42:54 PM,28.298,57.14,19.3,5.2
2011/02/23,3:26:01 AM,26.73,57.52,25.7,4.4
2011/02/06,8:13:12 AM,28.227,56.339,10,4.6
2011/01/30,5:56:10 PM,28.21,59.11,16,4.1
2011/01/29,2:56:19 PM,28.23,59.07,14.1,4
2011/01/29,4:43:19 AM,28.33,59.02,16,4.6
2011/01/29,12:50:18 AM,28.15,59.08,15,4.4
2011/01/28,12:41:24 PM,28.279,59.137,14.1,4.1
2011/01/28,6:34:04 AM,28.44,58.96,14,4
2011/01/28,5:06:50 AM,28.42,58.93,21,4.5
2011/01/28,4:20:36 AM,28.15,59.07,15,5.2
2011/01/27,9:49:46 PM,28.406,58.958,7,4
2011/01/27,3:01:43 PM,28.116,59.001,10,4.3
2011/01/27,9:07:55 AM,28.23,58.96,22,4.8
2011/01/27,8:43:27 AM,28.128,59.057,10,5
2011/01/27,8:38:28 AM,28.195,59.015,10,6.2
2011/01/27,7:18:16 AM,28.247,59.026,5,4
2011/01/27,7:02:03 AM,28.167,58.907,10,4.9
2011/01/18,11:34:09 AM,28.21,56.38,22,4.5
2011/01/18,11:26:00 AM,28.204,56.281,10,4.7
2011/01/02,3:23:46 PM,28.262,59.308,10,4.1
2010/12/28,7:01:43 PM,28.399,59.282,12.8,4.1
2010/12/25,10:24:17 PM,28.435,59.058,43.6,4.2
2010/12/22,7:04:51 PM,26.142,57.887,46.1,4.6
2010/12/21,12:14:18 PM,28.161,59.058,10,4.3
2010/12/21,1:01:39 AM,28.27,59.21,12,4.1
2010/12/20,11:49:11 PM,28.433,59.045,34.3,4
2010/12/20,10:12:59 PM,28.282,59.224,15,4.9
2010/12/20,6:56:54 PM,28.402,58.942,10,4.2
2010/12/20,6:50:23 PM,28.302,59.195,14.1,4.2
2010/12/20,6:41:59 PM,28.412,59.18,12,6.7
2010/12/17,7:39:20 AM,27.418,57.777,15,4.2
2010/11/24,12:38:36 AM,30.825,56.764,1,4
2010/11/16,1:19:20 PM,27.849,56.946,25.5,4.3
2010/11/14,2:49:27 PM,26.398,57.223,10,4.5
2010/11/11,10:20:00 PM,27.3,55.24,6,4.7
2010/11/11,1:37:34 PM,27.892,56.995,26.9,4.9
2010/11/10,1:49:10 PM,27.954,56.939,17,4.9
2010/10/06,11:47:59 PM,33.391,57.208,2,4.2
2010/09/15,7:57:58 PM,30.812,56.838,14.1,4.2
2010/08/11,9:06:45 AM,26.928,55.724,10,4.4
2010/07/31,6:52:58 AM,29.703,56.812,4,5.4
2010/06/23,3:20:24 PM,28.046,59.12,10,4
2010/06/14,4:14:54 AM,28.32,57.21,14.1,4.2
2010/06/14,4:13:46 AM,28.33,57.12,15,4
2010/06/06,5:48:57 PM,28.277,56.978,35,4.3
2010/05/30,11:12:48 AM,32.66,55.34,4,4.2
2010/05/28,11:16:56 AM,26.959,55.575,10,4.2
2010/05/28,1:50:56 AM,28.48,56.83,6,4.8
2010/05/20,12:33:54 PM,28.284,57.245,16,4
2010/02/03,10:39:45 PM,28.588,57.012,14.1,4.9
2010/01/26,3:17:00 AM,30.82,57.1,14.1,4.3
2010/01/10,5:17:49 PM,27.062,55.614,10,4.7
2010/01/10,3:20:33 PM,26.985,55.57,10,4.7
2010/01/06,2:17:48 PM,27.477,55.121,13.4,4.9
2009/12/23,4:51:54 PM,26.88,56.08,6.3,4.6
2009/11/29,3:25:31 AM,26.7,59.92,10,4.4
2009/11/13,3:08:12 AM,29.01,58.71,14.1,4.2
2009/11/13,3:06:03 AM,28.98,58.68,15,4.4
2009/11/03,11:26:52 PM,27.334,56.202,14.1,5
2009/11/03,7:48:20 AM,29.093,58.316,10,4
2009/08/07,6:59:31 PM,26.741,57.601,46.6,4.5
2009/07/22,6:49:57 AM,26.739,55.809,13.2,4.1
2009/07/22,3:53:03 AM,26.77,55.79,9.6,5.3
2009/07/05,2:09:50 PM,27.439,55.57,35,4.4
2009/06/23,5:02:41 AM,28.264,56.057,10,4.9
2009/05/13,11:39:51 PM,28.259,55.33,20,4.5
2009/05/12,6:30:51 AM,30.19,57.45,6.9,4
2009/05/12,1:37:06 AM,32.38,59,14.5,4.5
2009/05/11,2:14:05 AM,30.29,57.51,16.9,4.1
2009/04/14,5:10:26 AM,26.86,55.91,6.6,4.1
2009/04/09,11:32:39 AM,27.814,57.535,18,4.3
2009/03/07,6:47:07 AM,30.79,56.77,6.1,4.1
2009/03/03,3:59:49 AM,28.111,57.496,17,4.6
2009/02/23,11:10:57 AM,27.582,55.372,10,5.1
2009/02/22,8:54:02 PM,28.086,55.474,22.1,4.5
2009/02/15,9:22:22 PM,31.065,57.073,17.5,4.9
2009/01/25,11:22:04 AM,26.858,56.151,6.7,4.1
2009/01/08,8:57:31 AM,31.93,56.14,14.2,4.3
2008/12/27,8:28:55 PM,26.855,55.894,21.5,3.6
2008/12/22,3:08:13 PM,28.21,57.14,40.4,4.8
2008/12/14,7:29:48 AM,29.19,56.69,14.1,4.4
2008/12/11,5:42:08 AM,26.85,55.82,6.8,3.9
2008/12/09,3:09:24 PM,26.8,55.68,14.1,5
2008/12/08,2:41:43 PM,26.92,55.85,6.1,5.1
2008/12/07,2:31:25 PM,26.88,55.9,1.2,3.3
2008/12/07,2:11:22 PM,26.836,55.955,10,4
2008/12/07,1:41:50 PM,27.37,55.99,14.1,3.7
2008/12/07,1:36:21 PM,26.99,55.8,15,5.4
2008/12/05,10:44:12 PM,26.93,56.03,7,3.1
2008/12/02,1:00:47 PM,31.047,56.785,15.2,4.4
2008/11/30,1:46:16 PM,27,55.57,17.3,4.6
2008/11/18,11:20:39 AM,33.34,59.13,14.1,4.2
2008/11/11,10:45:36 PM,28.4,56.25,15,3.6
2008/11/11,3:47:52 PM,26.764,55.016,35,3.4
2008/11/02,1:21:00 AM,26.47,55.05,32,3.5
2008/10/27,11:25:43 AM,27.929,55.032,35.2,3.8
2008/10/27,2:47:00 AM,26.77,55.82,4,4.1
2008/10/26,2:03:59 AM,26.93,55.09,24,3.4
2008/10/26,12:37:39 AM,27.87,56.3,14.1,4.5
2008/10/25,8:25:19 PM,26.58,55.09,35,4.2
2008/10/24,3:51:36 PM,28.487,56.932,4.6,4
2008/10/22,9:12:13 AM,26.96,55.81,6.7,3.9
2008/10/22,7:00:18 AM,26.494,55.169,32.2,3.6
2008/10/21,7:24:39 AM,26.72,55.94,8.7,3.4
2008/10/20,9:45:10 PM,26.819,55.328,18,3.3
2008/10/10,8:47:08 AM,27.39,56.06,12.6,4
2008/10/09,9:49:14 PM,26.938,56.017,18,3.6
2008/10/06,12:47:39 AM,26.569,55.159,18,3.7
2008/10/05,9:45:42 AM,26.96,55.63,32,3.4
2008/10/05,8:17:55 AM,26.83,55.6,37.4,3.4
2008/10/05,1:22:44 AM,27.08,55.97,5.5,3.3
2008/10/04,5:35:52 PM,26.829,56.191,7.8,3.6
2008/10/04,5:29:33 PM,26.94,56.09,10.6,3.4
2008/10/04,5:12:57 PM,26.9,56.147,11,4.3
2008/10/03,9:21:32 PM,27.11,56.05,9.3,3.6
2008/10/03,6:05:36 PM,27.132,55.962,3.2,3.4
2008/10/03,4:28:04 PM,26.76,55.996,10,3.4
2008/10/02,12:06:19 AM,26.807,55.83,20.2,3.8
2008/09/29,3:57:48 AM,26.731,56.115,6.5,3.7
2008/09/26,3:52:21 PM,27.33,56.79,20,5.1
2008/09/26,3:36:32 AM,27.01,55.8,2.2,4.2
2008/09/18,2:10:21 AM,27.105,55.909,1.3,4.6
2008/09/17,8:15:20 PM,27.25,55.96,4.9,3.2
2008/09/17,7:17:48 PM,27.17,55.98,6.3,3.2
2008/09/17,7:01:53 PM,27.23,55.97,10.6,4.2
2008/09/17,6:59:05 PM,27.22,55.92,2.3,4.1
2008/09/17,6:44:52 PM,27.18,56.03,4.8,4.4
2008/09/17,6:41:50 PM,26.9,56.2,7,4.6
2008/09/17,5:49:45 PM,27.16,55.9,7,4.1
2008/09/17,5:43:49 PM,27,56.2,4,5.2
2008/09/14,5:21:50 AM,27.08,55.77,6.9,4.4
2008/09/13,9:40:44 PM,26.94,55.67,6,3.3
2008/09/11,2:16:10 AM,26.929,55.635,7.9,5.2
2008/09/11,1:11:43 AM,27.01,55.763,14.2,4.9
2008/09/10,10:46:58 PM,26.874,55.973,21.6,4
2008/09/10,7:03:15 PM,27.04,55.91,3,3.4
2008/09/10,6:26:39 PM,27.28,55.85,2.3,3.6
2008/09/10,6:20:34 PM,27.11,55.77,8,4
2008/09/10,5:07:02 PM,27.07,55.87,12.7,3.4
2008/09/10,2:32:48 PM,27.14,55.72,4.2,3.4
2008/09/10,1:29:21 PM,27.32,55.94,18,3
2008/09/10,11:33:12 AM,26.92,55.71,9.6,4.8
2008/09/10,11:26:44 AM,27.24,55.83,1.4,3.4
2008/09/10,11:13:26 AM,27.03,55.77,11.3,3.7
2008/09/10,11:08:44 AM,26.93,55.73,10.9,5
2008/09/10,11:00:34 AM,26.743,55.828,12,6.1
2008/08/31,11:37:58 AM,27.91,55.24,14.1,3.8
2008/08/27,8:20:19 PM,27.23,55.93,7.8,3.5
2008/08/25,12:16:45 PM,27.608,55.005,31.6,3.8
2008/08/24,1:46:25 AM,27.16,55.96,8,3.9
2008/08/24,12:37:21 AM,27.139,55.998,13,4.2
2008/08/20,3:20:34 PM,28.083,57.653,10,3.6
2008/08/15,7:37:03 AM,27.91,55.81,15,4.2
2008/08/11,8:09:01 PM,27.84,56.63,17,4
2008/08/09,11:22:04 PM,26.08,59.51,17.1,4.6
2008/07/01,6:43:06 AM,28.13,57.01,27.8,3.4
2008/06/29,6:00:45 PM,27.8,56.5,34,4.2
2008/06/27,4:51:34 PM,28.1,57.5,18,4.4
2008/06/27,2:58:17 PM,33.345,59.235,10,4
2008/06/23,7:14:54 AM,29.27,58.35,10,4.4
2008/06/21,4:21:17 PM,30.8,57.6,6,4.6
2008/06/20,12:55:01 PM,26.718,56.281,10,3.6
2008/06/17,4:53:38 PM,27.431,56.64,25.6,3.7
2008/06/16,3:53:23 PM,28.23,55.77,14.1,3.5
2008/06/05,8:39:56 AM,30.58,57.05,14.2,3.6
2008/06/04,12:38:45 AM,30.3,57.6,13,4.5
2008/05/31,1:24:06 AM,26.76,55.29,14.1,4.5
2008/05/27,5:07:21 PM,30.618,57.155,16.9,4.3
2008/05/23,9:09:48 PM,28.23,56.66,14.1,4.2
2008/05/07,7:50:50 PM,27.95,57.82,33,4.8
2008/05/01,8:42:09 PM,28.19,56.56,27.3,3.4
2008/04/23,9:28:12 PM,28.3,57.13,26,4.1
2008/04/16,3:53:52 PM,27.98,56.78,31.8,3.8
2008/04/16,11:46:25 AM,28.45,56.69,14.2,3.7
2008/04/04,12:13:16 AM,30.6,57.5,3,4
2008/03/31,12:35:10 PM,27.738,57.392,61.8,4.8
2008/03/28,6:05:01 PM,28.76,56.91,27,4.4
2008/03/23,6:51:53 AM,28.12,56.46,15,3.5
2008/03/22,12:01:03 AM,28.27,57.18,28,4.6
2008/03/09,3:51:07 AM,33.3,59.2,4,5
2008/03/09,2:25:26 AM,32.03,55.85,5,3.8
2008/03/03,9:46:04 PM,27.36,56.67,15,3.3
2008/03/01,4:38:58 PM,26.88,56.19,5,4.6
2008/02/28,10:42:10 AM,28.28,55.25,18,3.8
2008/02/27,11:10:14 AM,33,59.34,5,4.9
2008/02/27,1:58:25 AM,30.77,56.92,14.1,4.2
2008/02/11,2:03:47 PM,27.509,55.375,35,4.3
2008/02/11,6:27:05 AM,27.266,55.478,35,4.3
2008/01/31,2:11:35 PM,28.42,56.769,8.6,3.5
2008/01/29,4:33:39 AM,30.688,57.697,35,4.1
2008/01/25,12:21:21 PM,26.479,56.591,10,3.5
2008/01/20,6:21:11 AM,28.41,56.89,17.7,4.1
2008/01/19,9:41:29 PM,33.319,57.307,27.9,4.4
2008/01/07,12:23:22 AM,27.139,57.79,35,3.5
2008/01/03,6:48:06 AM,27.94,55.51,31.1,3.6
2007/12/28,5:11:42 PM,27.47,56.6,14.1,3.7
2007/12/27,12:05:24 AM,28.365,56.853,13.8,3.8
2007/12/25,3:34:53 PM,29.21,58.48,12,4.2
2007/12/20,6:16:26 PM,27.61,55.54,14.1,3.3
2007/11/18,2:35:07 PM,27.815,57.293,40.5,4.7
2007/11/17,3:26:46 PM,27.82,57.49,8,4
2007/11/17,2:59:14 AM,27.494,55.263,25.8,3.7
2007/10/18,8:44:22 PM,28.33,56.53,14.1,3.7
2007/10/17,10:45:03 AM,32.02,55.82,15.1,4.1
2007/10/13,12:28:01 AM,28.43,57.22,14.1,3.5
2007/09/09,5:03:05 AM,28.27,56.66,14.2,3.4
2007/09/05,3:59:01 PM,28.42,56.63,14.1,4.2
2007/09/05,12:27:00 PM,28.399,56.684,14,4.8
2007/08/31,5:23:59 AM,26.95,55.84,15,4.6
2007/08/29,7:34:01 PM,28.5,56.62,18,4.1
2007/08/28,9:30:31 AM,28.17,56.74,15,4.9
2007/08/28,8:44:02 AM,27.82,57.5,15,4
2007/08/28,8:30:10 AM,28.11,56.75,10,4.3
2007/08/25,4:31:51 AM,28.82,56.72,8,3.4
2007/08/25,4:24:22 AM,28.154,56.652,10,5
2007/07/29,3:08:45 PM,32.047,56.163,2.5,4.4
2007/07/24,10:08:06 AM,27.64,56.14,14,5
2007/07/23,5:54:08 PM,27.55,55.79,11.4,4.7
2007/07/16,7:36:59 PM,31.2,56.461,10,3.4
2007/07/16,5:25:51 PM,28.18,57.16,28.2,4
2007/07/04,9:51:34 AM,32.08,55.88,11,4.2
2007/07/04,6:11:07 AM,32.08,55.9,12,5
2007/06/28,1:05:40 PM,29.78,58.12,11,4.1
2007/06/27,7:08:17 PM,26.86,55.97,18,4.1
2007/06/25,2:55:21 PM,28.33,57.29,16.5,3.6
2007/06/23,12:27:52 PM,27.8,55.3,5,3.4
2007/06/22,10:54:00 AM,28.52,57.29,14,4.1
2007/06/15,1:37:44 PM,30.32,57.6,13,4
2007/06/08,12:20:20 AM,27.65,55.003,18,3.6
2007/06/07,9:04:59 PM,28.817,57.276,111,4.2
2007/06/03,12:10:01 PM,30.45,57.26,14.1,4.1
2007/05/22,10:33:00 PM,27.139,56.719,6.5,4.2
2007/05/16,1:52:17 AM,27.827,56.327,29.2,3.4
2007/05/16,12:27:33 AM,27.88,56.05,10,4.5
2007/05/16,12:19:10 AM,27.9,56.02,7,4.4
2007/05/09,10:46:41 AM,29.3,58.42,17,4
2007/05/08,3:28:25 AM,31.8,56.2,24,4.2
2007/05/02,2:03:03 AM,28.41,56.18,29.3,3.8
2007/05/01,11:38:01 PM,28.078,56.388,24.2,3.9
2007/05/01,7:51:31 AM,26.93,55.88,9,4.1
2007/04/30,1:38:18 AM,28.351,55.229,34.4,4.1
2007/04/28,9:22:56 PM,28.23,56.26,14.1,4.5
2007/04/28,9:09:03 PM,28.14,56.41,26,3.8
2007/04/28,8:59:42 AM,28.15,56.06,18,3.6
2007/04/26,2:11:13 PM,28.084,56.389,10,4.1
2007/04/26,4:59:34 AM,28.18,56.31,14.1,4.6
2007/04/26,4:03:31 AM,28.23,56.24,14.1,4.6
2007/04/26,2:32:00 AM,28.22,56.26,14.1,3.5
2007/04/25,8:02:15 PM,28.23,56.27,14,4.8
2007/04/25,4:19:00 AM,28.19,56.22,15.9,5.2
2007/04/11,10:15:13 PM,31.79,59.82,14,4.1
2007/04/08,11:22:21 AM,30.94,56.82,10.6,4.2
2007/04/01,7:51:24 PM,30.719,56.889,10,4.2
2007/04/01,7:34:46 AM,26.962,55.841,10,3.8
2007/03/29,2:38:43 AM,27.8,55.26,14.1,3.8
2007/03/28,8:04:46 PM,27.515,56.606,10,3.8
2007/03/26,11:00:45 AM,28.65,57.49,14.1,4.6
2007/03/26,6:36:50 AM,28.977,58.344,14.1,4.8
2007/03/25,8:52:43 PM,28.46,56.06,13,3.2
2007/03/23,10:28:41 PM,27.714,55.31,6.1,3.4
2007/03/23,9:38:02 PM,27.47,55.15,14,5
2007/03/18,8:41:04 PM,28.194,55.139,21.3,3.4
2007/03/17,2:20:24 PM,27.091,58.021,14.1,4.9
2007/03/04,4:42:27 AM,28.23,57.28,10,3.7
2007/02/27,10:49:24 PM,28.05,55.145,20.6,4.1
2007/02/27,10:28:12 PM,28.1,55.08,6,5
2007/02/20,9:23:18 AM,27.558,56.573,22.2,5
2007/02/19,2:45:58 AM,31.13,56.77,15,4.6
2007/02/16,10:14:53 PM,31.384,56.818,35,4.2
2007/01/07,3:32:23 PM,33.986,56.652,37.6,4.5
2007/01/03,7:49:11 AM,32.24,55.56,10,4.2
2006/12/28,7:48:41 PM,28.28,57.64,14.1,4.5
2006/12/28,3:32:47 AM,28.98,57.25,25.9,3.9
2006/12/24,11:35:55 AM,29,56.9,15,4
2006/12/21,3:06:03 PM,28.044,56.675,10,3.5
2006/12/18,7:43:38 PM,26.95,56,26.8,4.6
2006/12/15,3:15:46 PM,28.26,56.82,14.8,3.5
2006/12/13,1:32:08 PM,30.55,57.52,7,4.4
2006/12/09,8:09:08 AM,28.612,58.1,14.1,4.3
2006/12/08,7:58:35 AM,30.86,56.63,14.2,4.5
2006/11/18,6:15:13 PM,26.923,56.693,10,4.4
2006/11/18,3:43:04 AM,27.11,55.74,17,3.2
2006/11/18,1:05:15 AM,27.22,55.74,14,4.4
2006/11/16,11:22:47 AM,26.407,57.929,22.2,4.3
2006/11/13,6:31:53 PM,27.49,56.56,14,3.9
2006/11/13,10:59:55 AM,27.646,55.088,10,4.5
2006/10/27,10:27:06 PM,28.28,56.79,15,3.3
2006/10/26,3:33:13 AM,26.78,57.57,18,4.6
2006/10/25,10:04:01 AM,28.42,57.09,7,4.2
2006/10/09,7:43:53 AM,30.83,56.74,14.1,4.4
2006/09/30,4:16:15 PM,27.28,55.851,22.2,4.3
2006/09/24,10:30:11 AM,33.69,56.89,18,4.3
2006/09/24,9:35:03 AM,27.35,56.31,7.6,3.6
2006/09/18,10:59:33 PM,28.348,56.777,30.9,3.4
2006/09/14,3:18:20 AM,27.46,55.33,15,3.8
2006/08/31,2:28:31 AM,30.29,57.42,18.1,4.4
2006/08/27,3:06:58 PM,31.52,57.15,14.2,3.9
2006/08/23,8:36:12 AM,27.5,55.84,13.2,4.4
2006/08/16,9:09:08 AM,33.38,56.89,5,4.3
2006/07/25,9:51:40 PM,27.683,56.665,10,3.8
2006/07/25,3:24:13 PM,27.575,55.526,10,3.7
2006/07/20,11:46:54 PM,29.08,55.27,22,4.9
2006/07/17,10:01:01 PM,26.72,55.82,10,4.4
2006/07/08,9:00:55 PM,29.156,58.574,9.2,4.3
2006/07/07,8:10:58 PM,27.13,55.77,15,3.4
2006/07/07,8:01:37 PM,26.86,55.85,14,3.7
2006/07/07,3:28:57 AM,27.06,56.04,14.1,4
2006/07/05,7:33:33 AM,26.91,55.92,6.9,4.2
2006/07/01,1:19:29 PM,26.847,55.832,10,3.7
2006/06/30,3:06:15 PM,26.9,55.8,22,4.4
2006/06/30,5:38:53 AM,26.8,55.9,7,4.6
2006/06/29,11:44:25 PM,26.8,55.8,14,4
2006/06/29,7:20:02 PM,27.02,55.98,14.2,3.3
2006/06/29,4:41:49 PM,26.798,55.906,10,4.6
2006/06/28,11:40:46 PM,26.86,55.77,14.8,3.5
2006/06/28,10:25:56 PM,26.695,55.84,10,3.3
2006/06/28,10:23:16 PM,27,55.9,14.3,3.6
2006/06/28,9:55:12 PM,26.9,55.95,10.4,4
2006/06/28,9:36:41 PM,26.96,55.88,9.5,4.4
2006/06/28,9:26:01 PM,26.76,56.25,6.4,4.5
2006/06/28,9:19:31 PM,27.07,55.68,14.1,3.6
2006/06/28,9:16:12 PM,26.901,55.714,10,4.1
2006/06/28,9:02:10 PM,26.925,55.866,11,5.8
2006/06/19,2:03:54 PM,28.23,57.38,14.1,3.6
2006/06/11,3:04:58 AM,31.558,56.22,12,3.9
2006/06/07,9:31:52 PM,31.21,56.25,22,4
2006/06/07,8:57:31 PM,30.74,56.81,1,4.4
2006/06/04,4:18:27 PM,30.43,57.32,14.1,4.2
2006/06/03,11:01:01 PM,26.756,56.001,84.3,4.3
2006/06/03,1:14:19 PM,26.41,55.93,34,4
2006/06/03,7:37:29 AM,26.92,55.94,7.5,4.6
2006/06/03,7:15:36 AM,26.759,55.843,12.1,5.1
2006/06/01,6:03:52 PM,27.24,55.78,14.1,3.3
2006/06/01,2:16:58 AM,27.63,55.84,18,3.4
2006/05/30,3:06:40 PM,28.25,56.89,14.1,3.4
2006/05/20,7:19:45 AM,32.44,59.46,15,3.8
2006/05/12,4:05:33 PM,27.476,55.64,43.3,4.8
2006/05/11,6:29:52 PM,31.6,59.89,0,4
2006/05/07,7:51:39 AM,31.83,56,10,4
2006/05/07,6:20:54 AM,30.79,56.7,14.1,5
2006/04/28,12:52:47 AM,27.47,55.82,14,4.2
2006/04/24,5:23:10 PM,27.73,55.41,14.1,4
2006/04/23,1:05:53 AM,27.74,55.42,14.8,3.8
2006/04/19,5:01:45 PM,28.22,56.8,16.2,4.4
2006/04/19,4:41:44 PM,26.92,55.86,15.5,4.3
2006/04/16,3:48:36 PM,26.81,55.9,15,4.8
2006/04/13,1:29:35 AM,28.32,55.348,35,3.5
2006/04/13,1:28:11 AM,27.58,55.87,14,3.7
2006/04/11,5:15:15 AM,27.277,55.698,13.2,3.5
2006/04/10,5:15:25 AM,28.26,56.72,15.4,3.5
2006/04/07,12:37:22 PM,28.41,57.25,33.6,3.9
2006/04/05,10:05:52 PM,27.306,55.4,10,3.7
2006/04/05,12:23:29 PM,27.373,55.543,18.1,4.4
2006/04/04,10:27:09 AM,27.53,55.92,14.1,4.1
2006/04/01,8:08:14 AM,27.33,57.42,14,3.5
2006/03/30,7:28:49 AM,27.48,55.57,14.1,4.4
2006/03/28,5:38:50 PM,28.12,56.72,18,3.8
2006/03/28,3:32:11 PM,27.49,55.95,18,4
2006/03/27,2:39:53 AM,27.45,55.8,14.1,3.4
2006/03/26,5:34:18 PM,27.66,55.69,14.7,3.6
2006/03/26,9:37:57 AM,27.268,55.807,21.8,4.7
2006/03/26,7:21:32 AM,27.55,55.91,18,4.4
2006/03/25,9:54:18 PM,28.13,56.89,14.1,3.7
2006/03/25,9:24:58 PM,26.557,56.193,10,3.7
2006/03/25,9:23:26 PM,27.68,55.79,14.1,3.6
2006/03/25,5:48:26 PM,27.48,55.63,18,4.4
2006/03/25,4:08:29 PM,27.52,55.8,8,4.2
2006/03/25,3:29:40 PM,27.68,56.17,27,4.3
2006/03/25,3:27:22 PM,27.658,55.661,10,3.4
2006/03/25,2:58:30 PM,27.355,55.73,10,4.7
2006/03/25,1:14:32 PM,27.4,55.77,32,4.4
2006/03/25,12:55:38 PM,27.3,55.88,18,4.4
2006/03/25,12:13:43 PM,27.443,55.509,10,4.9
2006/03/25,12:12:39 PM,26.517,55.979,10,3.9
2006/03/25,11:57:34 AM,27.47,56.48,15.7,4
2006/03/25,11:50:09 AM,27.67,56.02,14.1,3.7
2006/03/25,11:16:22 AM,27.63,55.87,14.1,4.5
2006/03/25,11:02:57 AM,27.54,55.81,15,5
2006/03/25,10:48:05 AM,27.52,55.72,14.2,3.5
2006/03/25,10:37:01 AM,27.65,55.94,17.7,4.6
2006/03/25,10:22:55 AM,27.63,55.86,14.1,4.8
2006/03/25,10:09:43 AM,27.64,56.24,14.2,3.7
2006/03/25,10:00:37 AM,27.47,55.8,15,5.2
2006/03/25,9:55:12 AM,27.541,55.78,10,5.5
2006/03/25,9:53:02 AM,27.522,55.637,10,4.5
2006/03/25,8:56:22 AM,27.378,55.45,10,4.9
2006/03/25,8:20:22 AM,27.53,55.87,15,3.8
2006/03/25,8:03:03 AM,27.61,55.93,14.1,3.2
2006/03/25,7:42:47 AM,27.62,55.91,14.1,4.1
2006/03/25,7:28:58 AM,27.574,55.685,18,5.9
2006/03/24,1:42:50 AM,28.2,56.79,18,3
2006/03/20,7:47:47 AM,32.31,55.84,16,4
2006/03/11,9:33:39 PM,28.155,56.831,15,4.9
2006/03/11,9:10:13 PM,27.18,57.18,41.4,3.7
2006/03/10,9:41:47 AM,28.17,56.8,14.1,4.5
2006/03/08,12:30:58 PM,28.066,56.811,21.7,4.6
2006/03/07,4:36:59 AM,28.065,56.694,10,3.1
2006/03/07,2:19:03 AM,30.748,56.841,16.7,4.3
2006/03/06,3:09:45 AM,28.18,56.79,27.1,3.8
2006/03/05,7:22:40 PM,28.24,56.91,14,3.1
2006/03/02,1:37:08 PM,28.23,56.82,14.2,3.4
2006/03/02,12:16:43 PM,28.21,56.76,15.5,4.3
2006/03/01,5:15:46 PM,28.16,56.74,14,3.7
2006/03/01,2:24:09 PM,28.29,56.67,25,3.3
2006/03/01,2:32:35 AM,28.15,56.99,18,3.8
2006/03/01,12:57:21 AM,27.875,55.593,0,3
2006/02/28,9:39:58 PM,28.24,56.78,25.2,4
2006/02/28,8:01:41 PM,28.27,56.68,15,4.5
2006/02/28,7:29:20 PM,28.102,56.754,20.8,3.8
2006/02/28,5:30:38 PM,28.16,57.11,17,3.4
2006/02/28,10:40:15 AM,28.059,57.046,22.1,3.6
2006/02/28,8:40:22 AM,27.996,56.851,19.2,4.9
2006/02/28,8:02:12 AM,28.12,56.79,28.4,4.1
2006/02/28,7:31:03 AM,28.12,56.865,18,6
2006/02/27,8:02:12 AM,26.76,55.8,14.1,4.2
2006/02/26,12:24:29 PM,28.134,55.264,56,4.7
2006/02/21,8:25:17 AM,27.35,55.78,14.1,3.1
2006/02/21,8:09:23 AM,27.36,55.78,15,4
2006/02/21,5:37:32 AM,27.463,55.788,22.6,4.7
2006/02/20,9:23:03 PM,27.61,55.477,10,3.4
2006/02/18,11:03:31 AM,30.75,55.89,14.1,4.7
2006/02/16,10:52:55 PM,27.64,56.07,14.2,3.7
2006/02/06,11:31:57 PM,29.163,58.403,10,4.1
2006/02/06,9:14:08 PM,26.93,55.95,12,3.2
2006/02/06,7:58:19 PM,29.296,58.433,14.2,4.1
2006/02/01,12:17:55 PM,26.755,55.856,9.4,4
2006/01/24,4:07:34 PM,26.68,55.79,18,3.5
2006/01/12,9:32:33 PM,26.886,55.903,7.4,4.4
2005/12/30,4:30:52 PM,27.48,55.93,14.1,3.3
2005/12/27,9:53:15 PM,28.123,56.068,14.2,4.8
2005/12/27,4:13:52 PM,29.93,57.79,10,4.1
2005/12/27,11:01:12 AM,30.93,56.72,10,4.1
2005/12/27,8:37:18 AM,33.53,59.91,17,4
2005/12/11,2:24:37 PM,28.198,56.946,35,4.8
2005/12/06,12:02:01 PM,26.995,55.779,35,4.2
2005/12/06,12:22:28 AM,26.604,55.777,10,4.3
2005/12/01,9:58:41 PM,27.72,56.09,18,3.9
2005/12/01,5:29:29 PM,26.64,55.69,10,4.6
2005/12/01,12:34:27 AM,26.73,55.68,10,4.3
2005/11/30,3:19:56 PM,26.717,55.797,10,4.7
2005/11/28,9:43:50 PM,26.834,55.823,10,4.5
2005/11/28,5:15:26 PM,26.952,56.164,10,4.3
2005/11/28,2:12:48 PM,26.681,55.828,10,4.1
2005/11/28,2:06:58 PM,26.793,55.862,10,4.6
2005/11/28,5:40:02 AM,26.687,55.769,10,4.1
2005/11/28,2:30:07 AM,26.74,55.941,10,4.2
2005/11/27,11:26:03 PM,26.663,55.73,10,3.5
2005/11/27,8:47:17 PM,26.66,55.875,10,4.1
2005/11/27,8:29:27 PM,26.972,55.806,10,4.1
2005/11/27,4:30:38 PM,26.842,55.806,10,5.5
2005/11/27,2:50:43 PM,26.782,55.869,10,4
2005/11/27,1:40:48 PM,26.906,55.808,10,3.6
2005/11/27,1:05:30 PM,26.648,55.819,10,4.5
2005/11/27,12:19:39 PM,26.662,55.852,10,3.8
2005/11/27,12:05:35 PM,26.609,55.884,10,4.5
2005/11/27,11:13:10 AM,26.724,55.793,10,5
2005/11/27,11:07:28 AM,26.822,55.611,10,3.8
2005/11/27,10:53:12 AM,26.67,55.808,10,4.2
2005/11/27,10:48:03 AM,26.871,55.777,10,4.1
2005/11/27,10:22:19 AM,26.774,55.858,10,5.9
2005/11/20,4:11:09 PM,30.86,56.74,10,4.1
2005/11/13,9:32:48 PM,32.64,57.49,10,4.5
2005/10/13,8:35:51 PM,30.046,56.705,10,4.2
2005/10/05,1:39:29 PM,27.62,56.62,14.4,3.8
2005/10/03,6:39:19 PM,28.55,56.89,16.5,4.2
2005/09/19,6:13:23 AM,28.303,55.241,18,4
2005/09/05,2:12:37 PM,28.398,58.319,61.9,4
2005/09/05,5:00:21 AM,30.985,56.613,35,4
2005/07/31,11:14:07 AM,28.42,57.24,14.3,3.7
2005/07/14,1:14:22 PM,33.05,58.17,10,4.3
2005/07/14,11:35:03 AM,30.95,56.35,10,4.1
2005/07/12,8:04:27 AM,27.26,56.01,14.1,4.6
2005/07/03,6:54:43 PM,27.07,57.95,14.1,4.1
2005/07/03,3:35:41 AM,28.006,55.951,10,3.6
2005/07/01,9:56:50 PM,28.38,56.02,14.6,3.7
2005/06/19,4:46:11 AM,33.135,58.088,42,4.9
2005/06/04,10:39:27 PM,32.147,57.671,10,4.1
2005/06/04,6:56:39 PM,30.811,56.866,10,4
2005/05/18,12:18:14 AM,30.647,56.684,10,4.1
2005/05/17,11:53:13 PM,30.825,56.573,10,3.6
2005/05/14,6:04:55 PM,30.687,56.862,10,5.2
2005/05/13,12:27:50 AM,26.4,55.02,26.2,4.1
2005/05/12,10:55:07 PM,30.544,56.943,6.5,4.6
2005/05/01,7:43:33 PM,30.766,56.887,20,4.2
2005/05/01,7:12:10 PM,30.728,56.893,13.5,4
2005/05/01,6:58:43 PM,30.704,56.965,30.6,5.1
2005/05/01,2:09:59 AM,28.39,56.21,14.1,4.1
2005/04/25,5:02:47 AM,30.72,56.68,14.1,3.6
2005/04/23,8:48:55 AM,27.632,56.74,55,4.5
2005/04/05,2:14:32 AM,32.293,56.599,10,4
2005/03/28,12:33:47 PM,28.192,55.758,50.7,3.5
2005/03/26,4:00:08 PM,27.686,56.705,35,3.7
2005/03/19,1:29:57 AM,30.746,56.745,10,3.9
2005/03/18,3:52:16 AM,27.651,56.166,45,4.1
2005/03/15,10:49:01 PM,30.76,56.81,14,4.2
2005/03/15,10:43:49 PM,30.77,56.87,14,4.1
2005/03/15,8:00:35 AM,30.79,56.87,14,4.2
2005/03/06,9:02:53 AM,30.76,56.77,14.1,4.4
2005/03/04,3:42:41 AM,30.79,56.75,14,4.1
2005/03/03,4:53:00 PM,27.224,56.005,37.1,4.7
2005/03/03,12:50:05 AM,30.778,56.976,10,4.6
2005/03/01,4:13:50 PM,30.907,56.776,8.2,4.4
2005/02/28,3:48:36 AM,30.836,56.705,41.4,3.8
2005/02/27,1:20:45 PM,30.769,56.792,10,4
2005/02/27,12:56:47 PM,30.76,56.837,10,4
2005/02/27,9:05:32 AM,30.882,56.73,10,3.9
2005/02/27,6:28:54 AM,30.86,56.743,10,3.8
2005/02/27,5:36:52 AM,30.871,56.852,10,3.4
2005/02/26,8:20:17 PM,32.045,56.322,10,4.3
2005/02/26,9:09:55 AM,30.678,56.893,10,4.1
2005/02/25,7:54:17 PM,30.755,56.8,10,4.1
2005/02/25,1:12:01 AM,30.637,56.744,10,4.4
2005/02/24,11:26:33 PM,30.838,56.741,10,4.2
2005/02/24,8:39:36 AM,30.772,56.709,10,3.6
2005/02/22,5:31:28 PM,30.505,56.829,10,3.6
2005/02/22,4:59:37 PM,30.578,56.895,10,3.8
2005/02/22,6:48:08 AM,30.554,56.831,10,3.8
2005/02/22,6:06:53 AM,30.545,56.892,10,3.7
2005/02/22,6:06:31 AM,30.847,56.87,10,4
2005/02/22,5:56:38 AM,30.565,56.873,10,3.5
2005/02/22,5:26:47 AM,30.473,56.795,10,4.6
2005/02/22,5:08:31 AM,30.744,56.889,10,4.3
2005/02/22,3:49:59 AM,30.643,56.691,10,4
2005/02/22,3:31:13 AM,30.793,56.938,10,3.9
2005/02/22,2:48:57 AM,30.593,56.664,10,4
2005/02/22,2:41:13 AM,30.707,56.772,10,4.6
2005/02/22,2:25:23 AM,30.754,56.816,14,6.4
2004/12/23,11:01:10 AM,28.144,57.186,35,4.5
2004/12/11,3:35:55 AM,27.774,57.571,20.6,4.6
2004/12/08,10:04:13 AM,27.921,57.495,77.6,5
2004/11/30,1:35:06 PM,28.386,58.375,50,3.9
2004/11/24,3:49:57 PM,28.11,57.479,64.5,3.7
2004/11/13,4:35:38 AM,27.853,55.276,10,4.1
2004/11/12,12:30:35 AM,28.596,56.812,96.1,4.3
2004/11/11,8:36:44 PM,28.466,56.963,59.8,4.6
2004/10/14,2:28:47 AM,31.695,57.019,35.9,4.5
2004/10/14,1:21:18 AM,30.769,56.764,4.1,4.2
2004/10/10,4:27:50 PM,28.219,57.27,21.4,4.7
2004/10/10,10:28:10 AM,26.898,57.544,10,4.6
2004/10/09,6:08:26 AM,28.303,57.135,63.7,4.5
2004/10/07,12:55:01 PM,28.33,57.311,56.5,5
2004/10/07,7:17:11 AM,28.801,57.841,104,4.5
2004/10/06,11:14:34 AM,28.837,57.93,72.1,5.2
2004/08/28,4:32:11 AM,31.139,57.4,10,4.2
2004/08/16,6:31:02 AM,29.134,58.416,50,3.9
2004/08/10,2:31:04 AM,28.485,57.068,24.9,5
2004/08/05,4:25:21 PM,28.856,57.216,10,4.1
2004/07/22,4:51:36 AM,29.115,58.311,10,4.8
2004/07/14,4:42:04 AM,30.525,57.526,52.8,3.7
2004/07/13,5:50:05 AM,29.228,57.091,25,4.2
2004/07/03,10:22:22 PM,28.38,56.502,90.8,4.2
2004/06/17,1:57:24 PM,28.983,58.626,10,3.5
2004/05/29,5:19:56 AM,31.277,56.641,40.6,4
2004/05/29,2:33:48 AM,29.111,58.35,10,4.2
2004/04/21,2:45:22 PM,28.492,57.136,55,4.6
2004/04/13,3:47:04 AM,27.076,56.043,45,4.2
2004/04/11,7:27:31 AM,28.982,57.844,25,4.5
2004/04/08,2:23:04 PM,28.969,58.203,10,4
2004/03/24,6:13:14 PM,27.592,56.168,65.8,4.6
2004/03/20,5:33:47 PM,27.704,55.192,45,4.3
2004/03/20,1:13:41 AM,28.929,57.48,10,3.6
2004/03/18,1:21:21 PM,28.409,56.973,50,4.5
2004/02/18,5:36:03 PM,28.005,55.957,10,3.8
2004/02/18,12:00:19 AM,27.152,59.257,58.9,4.1
2004/02/02,2:02:51 AM,28.34,56.057,48.4,4
2004/01/31,9:59:12 AM,28.607,57.805,55,4.1
2004/01/28,5:29:32 PM,29.012,58.325,10.4,4.1
2004/01/28,9:33:37 AM,27.046,57.453,38.9,4.3
2004/01/28,9:06:49 AM,26.878,57.513,25.7,5.2
2004/01/21,1:23:36 PM,29.169,58.239,10,4.3
2004/01/18,2:02:20 AM,27.545,56.197,45,4.5
2004/01/11,5:06:05 AM,29.187,58.55,10,4.1
2003/12/28,3:02:12 PM,29.01,58.393,10,4.2
2003/12/28,9:24:23 AM,29.206,58.553,10,4.1
2003/12/27,4:45:42 AM,28.992,58.24,10,3.5
2003/12/26,2:08:16 PM,29.076,58.2,10,4.6
2003/12/26,9:59:59 AM,29.007,58.317,10,4
2003/12/26,9:16:35 AM,29.007,58.282,10,4
2003/12/26,3:53:25 AM,28.787,58.121,10,4.5
2003/12/26,3:41:40 AM,28.906,58.351,10,3.8
2003/12/26,3:37:39 AM,29.11,58.276,10,3.6
2003/12/26,3:21:09 AM,29.016,58.316,10,3.9
2003/12/26,3:06:14 AM,28.932,58.325,10,5.1
2003/12/26,2:34:17 AM,29.059,58.153,10,3.8
2003/12/26,1:56:52 AM,28.995,58.311,10,6.6
2003/12/09,5:08:55 PM,26.586,55.494,33,3.9
2003/12/03,7:27:07 AM,28.08,56.989,33,4.3
2003/11/24,6:11:18 AM,31.4,59.336,33,4.8
2003/11/21,10:34:37 AM,31.401,59.427,33,5
2003/11/05,7:58:52 AM,27.532,56.124,33,4.9
2003/11/04,12:50:03 AM,27.42,56.319,33,4.4
2003/10/01,7:14:03 AM,28.276,57.297,33,4.8
2003/09/12,7:34:18 AM,28.377,59.219,33,4.6
2003/08/21,4:02:09 AM,29.053,59.773,20.2,5.9
2003/08/05,8:48:52 PM,28.291,57.237,33,4.2
2003/08/04,3:28:20 AM,29.078,59.745,33,5.6
2003/07/06,4:04:21 PM,28.093,57.739,33,5
2003/06/13,2:55:44 AM,27.991,57.852,33,4
2003/04/30,11:10:56 PM,28.164,57.053,33,3.7
2003/04/16,11:06:05 AM,30.2,57.418,33,4.5
2003/03/08,9:28:04 AM,27.983,56.757,33,4.7
2003/03/01,6:45:55 PM,28.75,57.419,33,4.5
2003/02/14,10:28:59 AM,28.046,56.818,37.7,5.6
2003/01/16,2:07:42 AM,28.014,55.261,33,4.6
2002/12/13,12:36:21 AM,28.977,57.446,93.2,4.2
2002/11/14,4:07:30 AM,32.766,59.64,33,4.6
2002/10/16,9:20:50 AM,31.455,56.469,33,5.3
2002/10/16,9:13:38 AM,31.412,56.49,33,4.8
2002/10/13,11:19:31 PM,30.729,56.876,33,4.6
2002/10/09,7:36:06 PM,28.367,56.534,33,3.8
2002/10/04,9:13:05 PM,31.284,57.057,33,4
2002/09/23,6:48:38 AM,32.387,55.503,33,4
2002/09/03,5:38:39 AM,27.213,55.918,33,4.4
2002/06/02,8:17:26 PM,27.895,57.734,33,4.4
2002/06/02,8:08:23 PM,27.917,57.672,29.7,4.7
2002/05/28,7:05:32 PM,27.719,56.743,50.3,4.7
2002/05/27,1:16:29 AM,27.787,56.709,33,4.2
2002/05/22,2:25:34 AM,27.406,56.629,33,4
2002/04/30,5:38:33 PM,27.943,56.289,33,4.3
2002/04/27,9:24:22 PM,31.035,57.314,33,3.9
2002/04/20,9:35:15 AM,27.484,56.63,33,4.7
2002/04/17,12:51:40 PM,27.619,56.748,33,3.8
2002/04/17,8:47:23 AM,27.663,56.752,33,5.3
2002/04/11,6:17:53 AM,27.609,56.678,33,4.4
2002/04/11,6:05:49 AM,27.697,56.675,33,4.8
2002/04/08,4:52:42 PM,27.178,55.063,33,3.9
2002/04/08,4:34:07 PM,27.106,55.231,59.3,4.8
2002/04/05,6:40:19 PM,32.057,55.973,33,5.2
2002/04/05,7:15:31 AM,27.048,55.307,33,4.2
2002/04/04,3:44:32 PM,27.062,55.244,16.1,4.8
2002/03/21,7:59:19 PM,27.7,56.413,33,3.8
2002/03/21,4:46:11 AM,27.539,55.504,33,3.6
2002/03/15,10:46:40 PM,27.802,57.373,33,3.8
2002/01/04,9:06:18 AM,28.405,57.244,33,4
2001/12/15,2:18:38 PM,28.103,56.374,33,4.6
2001/11/25,9:30:54 PM,28.319,57.272,40.2,5
2001/11/23,5:19:48 PM,28.352,57.435,33,4.1
2001/11/22,5:00:03 PM,27.81,57.522,33,4.4
2001/11/01,7:54:37 PM,28.236,57.465,33,4.6
2001/10/26,5:57:57 AM,31.91,55.929,33,4.5
2001/09/06,6:48:58 PM,28.213,57.302,33,3.6
2001/09/06,3:14:13 PM,26.689,57.628,33,4.2
2001/08/25,11:29:22 PM,30.427,57.448,33,4.4
2001/08/12,11:03:29 AM,27.623,57.687,33,4.6
2001/06/30,12:22:44 AM,26.78,55.593,33,4.4
2001/06/18,5:46:54 AM,28.195,55.647,33,4.4
2001/05/09,11:48:15 PM,27.925,58.212,33,4.2
2001/04/21,7:01:37 AM,32.108,56.294,33,4
2001/04/13,6:13:14 AM,27.999,55.349,33,4.2
2001/02/13,3:42:40 AM,28.322,56.343,33,4.6
2000/12/26,6:41:19 AM,28.452,56.186,33,4.2
2000/12/25,8:33:42 PM,27.264,55.46,33,4.3
2000/12/21,10:39:48 AM,26.616,55.786,33,4.7
2000/11/25,6:35:38 AM,28.194,57.62,51.7,3.8
2000/11/24,9:18:20 AM,28.148,57.636,82.5,4.4
2000/11/14,12:40:30 PM,31.469,59.561,33,3.8
2000/11/11,6:16:03 PM,28.321,57.633,33,4.5
2000/11/07,6:44:26 PM,28.202,56.933,33,4
2000/11/02,3:39:35 AM,31.65,59.869,33,4.9
2000/10/23,6:54:50 AM,31.583,59.847,33,5.3
2000/09/03,8:26:36 AM,27.955,56.186,33,4.4
2000/08/27,8:44:55 PM,28.056,57.166,33,4.1
2000/08/20,10:20:20 PM,28.086,57.216,33,4.5
2000/08/12,5:51:31 AM,32.66,59.373,33,3.4
2000/07/29,6:26:59 PM,28.44,57.176,70.6,3.8
2000/07/26,10:43:38 PM,28.101,57.001,33,4.3
2000/07/18,9:14:04 PM,27.99,56.289,33,4.1
2000/07/15,7:53:51 AM,28.414,57.251,33,3.9
2000/06/05,2:05:43 PM,28.289,56.102,33,4.3
2000/06/05,11:43:19 AM,27.446,56.905,33,3.9
2000/05/23,1:55:43 PM,32.45,59.949,33,3.9
2000/05/21,10:12:44 PM,32.522,59.333,33,4.2
2000/05/21,8:27:38 AM,27.163,55.4,33,3.7
2000/03/17,9:18:02 AM,27.813,56.482,33,4.1
2000/03/05,9:50:54 AM,27.868,56.459,33,3.9
2000/03/05,9:40:06 AM,27.946,56.467,33,5.4
2000/02/29,5:16:08 PM,28.249,57.138,120.8,4.5
2000/02/25,4:55:19 AM,30.447,57.613,33,4
2000/02/02,5:20:00 PM,26.925,55.391,33,4.1
2000/01/26,6:17:06 AM,26.314,57.425,33,3.7
